<?xml version="1.0" ?>
<?xml-stylesheet type="text/xsl" href="FEBAValueObjects.xsl"?>
<ValueObject xmlns:xsi="http://www.w3.org/2001/XMLSchema-instance"
	xsi:schemaLocation="http://www.infosys.org FEBAValueObjects.xsd"
	xmlns="http://www.infosys.org/ValueObjects">
	<PackageName>com.futurebank.ebanking.types.valueobjects</PackageName>
	<ClassName>CustomStateCodeVO</ClassName>
	<InterfacePackageName>com.infosys.feba.framework.types.valueobjects</InterfacePackageName>
	<InterfaceName>ICacheableVO</InterfaceName>
	<RelatedDatabaseTable>STCD</RelatedDatabaseTable>

	<Fields>
		<Field>
			<FieldName>stateDescriptionCustom</FieldName>
			<FieldType>CustomStateDescription</FieldType>
			<FieldDescription>State description</FieldDescription>
			<IsKeyField>false</IsKeyField>
			<TableColumnName>STCD.STATE_DESC</TableColumnName>
		</Field>


		<Field>
			<FieldName>languageID</FieldName>
			<FieldType>CustomLanguageId</FieldType>
			<FieldDescription>Language ID</FieldDescription>
			<IsKeyField>false</IsKeyField>
			<TableColumnName>STCD.LANG_ID</TableColumnName>
		</Field>


	</Fields>
</ValueObject>
