<?xml version="1.0" encoding="UTF-8"?>
<voExtensionRegistry xmlns="http://www.infosys.com/ebanking/voExtensionRegistry"
	xmlns:xsi="http://www.w3.org/2001/XMLSchema-instance"
	xsi:schemaLocation="http://www.infosys.com/ebanking/voExtensionRegistry  voExtensionRegistry.xsd"
	xsi:noNamespaceSchemaLocation="voExtensionRegistry.xsd">
	
	<extensions>
		<valueobject name="TransactionEnquiryVO">
			<property name="extensionVO" value="MailCritVO" instantiate="YES"/>
		</valueobject>
		<valueobject name="MailDetailsVO">
			<property name="extensionVO" value="CustomMailDetailsVO"/>
		</valueobject>
		<valueobject name="StateCodeVO">
			<property name="extensionVO" value="CustomStateCodeVO" instantiate="YES"/>
		</valueobject>
	</extensions>
	<valueobject name="UserDetailsVO">
                  <property name="extensionVO" value="CustomUserDetailsVO" instantiate="YES"/>
            </valueobject>
	
	
	
</voExtensionRegistry>