<?xml version="1.0" ?>
<?xml-stylesheet type="text/xsl" href="FEBADoublePrimitives.xsl"?>
<DoublePrimitives xmlns:xsi="http://www.w3.org/2001/XMLSchema-instance"
               xsi:schemaLocation="http://www.infosys.org FEBADoublePrimitives.xsd"
               xmlns="http://www.infosys.org/FEBADouble">
   	
   <Primitive>
    <PackageName>com.custom.futurebank.accounts.types.primitives</PackageName>
    <ClassName>ExchangeRate</ClassName>
    <Attributes>
      <MinValue>4</MinValue>
      <DefaultValue>38.00000</DefaultValue>
    </Attributes>
  </Primitive>
  
</DoublePrimitives>
