<?xml version="1.0" ?>
<?xml-stylesheet type="text/xsl" href="FEBAStringPrimitives.xsl"?>
<StringPrimitives xmlns:xsi="http://www.w3.org/2001/XMLSchema-instance"
                  xsi:schemaLocation="http://www.infosys.org FEBAStringPrimitives.xsd"
                  xmlns="http://www.infosys.org/FEBAString">
  
  			
	
	
    <Primitive>
      <PackageName>com.custom.futurebank.types.primitives</PackageName>
      <ClassName>MailSubject</ClassName>
      <Attributes>
        <Length>16</Length>
        <Justification>LEFT_JUSTIFIED</Justification>
        <CaseType>MIXED_CASE</CaseType>
        <ContentType>NUMERIC</ContentType>
      </Attributes>
    </Primitive>
    <Primitive>
          <PackageName>com.custom.futurebank.types.primitives</PackageName>
          <ClassName>MailID</ClassName>
          <Attributes>
            <Length>10</Length>
            <Justification>RIGHT_JUSTIFIED</Justification>
            <CaseType>ALL_UPPER_CASE</CaseType>
            <ContentType>NUMERIC</ContentType>
          </Attributes>
    </Primitive>

   </StringPrimitives>
 