<?xml version="1.0" ?>
<?xml-stylesheet type="text/xsl" href="FEBAIntPrimitives.xsl"?>
<IntPrimitives xmlns:xsi="http://www.w3.org/2001/XMLSchema-instance"
	xsi:schemaLocation="http://www.infosys.org FEBAIntPrimitives.xsd"
	xmlns="http://www.infosys.org/FEBAInt">

<Primitive>
    		<PackageName>com.infosys.ebanking.types.primitives</PackageName>
    		<ClassName>DashboardID</ClassName>
    		<Attributes>
    			<MinValue>2</MinValue>
    			<MaxValue>9</MaxValue>
    			<DefaultValue>1</DefaultValue>
    		</Attributes>
	</Primitive>
</IntPrimitives>





