<?xml version="1.0" ?>
<?xml-stylesheet type="text/xsl" href="FEBAFloatPrimitives.xsl"?>
<FloatPrimitives xmlns:xsi="http://www.w3.org/2001/XMLSchema-instance"
                 xsi:schemaLocation="http://www.infosys.org FEBAFloatPrimitives.xsd"
                 xmlns="http://www.infosys.org/FEBAFloat">
  <Primitive>
    <PackageName>com.infosys.ebanking.types.primitives</PackageName>
    <ClassName>LocalVatPercentage</ClassName>
    <Attributes>
      <MinValue>10.00</MinValue>
      <MaxValue>15.00</MaxValue>
      <DefaultValue>11.00</DefaultValue>
    </Attributes>
  </Primitive>
  
  
</FloatPrimitives>



