<?xml version="1.0" ?>
<?xml-stylesheet type="text/xsl" href="FEBACharPrimitives.xsl"?>
<CharPrimitives xmlns:xsi="http://www.w3.org/2001/XMLSchema-instance"
               xsi:schemaLocation="http://www.infosys.org FEBACharPrimitives.xsd"
               xmlns="http://www.infosys.org/FEBAchar">
   <Primitive>
        <PackageName>com.infosys.ebanking.types.primitives</PackageName>
        <ClassName>YNFlag</ClassName>
        <Attributes>
          <ValidSet>YNZX</ValidSet>
        </Attributes>
    </Primitive>    
 </CharPrimitives>







