<?xml version="1.0" ?>
<?xml-stylesheet type="text/xsl" href="FEBALongPrimitives.xsl"?>
<LongPrimitives xmlns:xsi="http://www.w3.org/2001/XMLSchema-instance"
                xsi:schemaLocation="http://www.infosys.org FEBALongPrimitives.xsd"
                xmlns="http://www.infosys.org/FEBALong">
  	
 
    <Primitive>
        <PackageName>com.infosys.feba.framework.types.primitives</PackageName>
        <ClassName>FEBADatabaseTimeStamp</ClassName>
        <Attributes>
          <MinValue>0</MinValue>
          <MaxValue>99997</MaxValue>
        </Attributes>
  </Primitive>
  
  </LongPrimitives>

