<?xml version="1.0"?>
<?xml-stylesheet type="text/xsl" href="FormsGroup.xsl"?>
<formsgroup xmlns:xsi="http://www.w3.org/2001/XMLSchema-instance"
	xmlns="http://www.infosys.com/ebanking/formsgroup">
	<id>MailFG</id>
	<module-id>mails</module-id>
	<table-accessed>MBOX,MESG,MMUL,MATT</table-accessed>
	<doc>This FG handles the screens of View, Compose, Reply, Forward and Compose Broadcast messages. 
		The actions that this component performs are sending a mail, view a mail, reply to a mail, forward mails 
		and send a Broadcast message, prevent session time out and get language preference in mail compose</doc>
    	<audit-desc>MailFG handles View, Compose, Reply, Forward and Compose Broadcast messages functionalities</audit-desc>
	<declaration>
		<variable name="gMyVariable" datatype="CustomMailSubject" instantiate="YES" />
	</declaration>
	
	
	<extern>
		<reference name="SUBJECT" type="Field" />
	</extern>
	
	<form-data>
	<form-field>
			<doc>Holding data of mails subject.</doc>
			<audit-desc></audit-desc>
			<name>CUSTOM_SUBJECT</name>
			<datatype>CustomMailSubject</datatype>
		</form-field>
	</form-data>	
	
	
	<events>
		
			<event name="POST_LOAD">
			<doc>This post event loads new screen </doc>
			<audit-desc>Load Event calls new screen event</audit-desc>    
			
			<event-handling-block>
		<!--		calling of new screen event	 	-->
					<step>FGI::SOP("In load event of Extension FG in EXTEN");</step>
					
					<step>FGI::Assign(CUSTOM_SUBJECT,"Hello");</step>
					<step>FGI::Assign(SUBJECT,CUSTOM_SUBJECT);</step>
					<step>FGI::Assign(gMyVariable,"Extension");</step>					
					<step>FGI::SOP("Subject1 in load event of Extension FG in EXTEN::",SUBJECT );</step>
					<step>FGI::SOP("Subject2 in load event of Extension FG in EXTEN::",gMyVariable );</step>
					<step>FGI::CallEvent("NEW_SCREEN");</step>
			</event-handling-block> 	  		
		</event>
		
		
		
		<event name="PRE_SEND_COMPOSED">
			<doc>This event calls the mail service's pre send method</doc>
			<audit-desc>Event that contains the sequence of steps while sending a composed mail</audit-desc>
			
			<event-handling-block>
				<step>FGI::SOP("Hello Pre event");</step>
				<step>FGI::SOP("Subject in Pre event::",gMyVariable );</step>
				<step>
					FGI::SOP("Subject in Pre event::",SUBJECT);
				</step>
				<step>FGI::Assign(gMyVariable,"PRE_EXTEN");</step>
				<step>
					FGI::SOP("gMyVariable::",gMyVariable);
				</step>
				
				<step>FGI::Assign(SUBJECT,gMyVariable);</step>
				<step>
					FGI::SOP("Subject in pre event after setting::",SUBJECT);
				</step>
				
			</event-handling-block>
		</event>
		
		
		<event name="POST_SEND_COMPOSED">
					<doc>This event calls the mail service's post send method</doc>
					<audit-desc>Event that contains the sequence of steps while sending a composed mail</audit-desc>
					
					<event-handling-block>
						<step>FGI::SOP("Hello Post event");</step>
						<step>FGI::SOP("Subject in Post event::",gMyVariable );</step>
						<step>
							FGI::SOP("Subject in Post event::",SUBJECT);
						</step>
						<step>FGI::Assign(gMyVariable,"POST_EXTEN");</step>
						<step>
							FGI::SOP("gMyVariable::",gMyVariable);
						</step>
						
						<step>FGI::Assign(SUBJECT,gMyVariable);</step>
						<step>
							FGI::SOP("Subject in pre event after setting::",SUBJECT);
						</step>
						
					</event-handling-block>
		</event>
		
		<!--new screen event -->
		<event name="NEW_SCREEN">
			<doc>This event calls the other jsp and shows sop on console</doc>
			<event-handling-block>
				<step>
					FGI::SOP("Hello. U have entered into compose mail screen through extension link.");
				</step>
			</event-handling-block>
		</event>
	</events>
</formsgroup>