<?xml version="1.0" ?>
<TypesCatalogue
	xmlns="http://www.infosys.org/FEBATypesCatalogue">
	<Type>
		<ClassName>CustomInformationReportsZBAVO</ClassName>
		<PackageName>com.botw.ebanking.types.valueobjects</PackageName>
		<ParentType>IFEBAValueObject</ParentType>
	</Type>
	<Type>
		<ClassName>CustomBAI2TxnDetailsVO</ClassName>
		<PackageName>com.botw.ebanking.types.valueobjects</PackageName>
		<ParentType>IFEBAValueObject</ParentType>
	</Type>
	<Type>
		<ClassName>CustomOtherBankDetailsVO</ClassName>
		<PackageName>com.botw.ebanking.types.valueobjects</PackageName>
		<ParentType>IFEBAValueObject</ParentType>
	</Type>
	<Type>
		<ClassName>CustomMenuOptionFilterCritVO</ClassName>
		<PackageName>com.botw.fentbase.types.valueobjects</PackageName>
		<ParentType>IFEBAValueObject</ParentType>
	</Type>
	<Type>
		<ClassName>CustomMenuOptionFilterEnquiryVO</ClassName>
		<PackageName>com.botw.fentbase.types.valueobjects</PackageName>
		<ParentType>IFEBAValueObject</ParentType>
	</Type>
	<Type>
		<ClassName>CustomBAI2GroupDetailsVO</ClassName>
		<PackageName>com.botw.ebanking.types.valueobjects</PackageName>
		<ParentType>IFEBAValueObject</ParentType>
	</Type>
	<Type>
		<ClassName>CustomCorpMaintDetailsVO</ClassName>
		<PackageName>com.botw.ebanking.types.valueobjects</PackageName>
		<ParentType>IFEBAValueObject</ParentType>
	</Type>
	<Type>
		<ClassName>CustomBAI2AccountDetailsVO</ClassName>
		<PackageName>com.botw.ebanking.types.valueobjects</PackageName>
		<ParentType>IFEBAValueObject</ParentType>
	</Type>
	<Type>
		<ClassName>CustomAdditionalInfoVO</ClassName>
		<PackageName>com.botw.ebanking.types.valueobjects</PackageName>
		<ParentType>IFEBAValueObject</ParentType>
	</Type>
	<Type>
		<ClassName>CustomBAI2StatementDetailsVO</ClassName>
		<PackageName>com.botw.ebanking.types.valueobjects</PackageName>
		<ParentType>IFEBAValueObject</ParentType>
	</Type>
	<Type>
		<ClassName>CustomCorporateFaicsDetailsVO</ClassName>
		<PackageName>com.botw.ebanking.types.valueobjects</PackageName>
		<ParentType>IFEBAValueObject</ParentType>
	</Type>
	<Type>
		<ClassName>CustomInformationReportsCriteriaVO</ClassName>
		<PackageName>com.botw.ebanking.types.valueobjects</PackageName>
		<ParentType>IFEBAValueObject</ParentType>
	</Type>
	<Type>
		<ClassName>CustomFaicsDetailsVO</ClassName>
		<PackageName>com.botw.ebanking.types.valueobjects</PackageName>
		<ParentType>IFEBAValueObject</ParentType>
	</Type>
	<Type>
		<ClassName>CustomCorporateStatementVO</ClassName>
		<PackageName>com.botw.ebanking.types.valueobjects</PackageName>
		<ParentType>IFEBAValueObject</ParentType>
	</Type>
	<Type>
		<ClassName>CustomBAI2UploadDetailsVO</ClassName>
		<PackageName>com.botw.ebanking.types.valueobjects</PackageName>
		<ParentType>IFEBAValueObject</ParentType>
	</Type>
	<Type>
		<ClassName>CustomInformationReportsDebitSummaryVO</ClassName>
		<PackageName>com.botw.ebanking.types.valueobjects</PackageName>
		<ParentType>IFEBAValueObject</ParentType>
	</Type>
	<Type>
		<ClassName>CustomInformationReportsEnquiryVO</ClassName>
		<PackageName>com.botw.ebanking.types.valueobjects</PackageName>
		<ParentType>IFEBAValueObject</ParentType>
	</Type>
	<Type>
		<ClassName>CustomHLTranDetailVO</ClassName>
		<PackageName>com.botw.ebanking.types.valueobjects</PackageName>
		<ParentType>IFEBAValueObject</ParentType>
	</Type>
	<Type>
		<ClassName>CustomACHActivityVO</ClassName>
		<PackageName>com.botw.ebanking.types.valueobjects</PackageName>
		<ParentType>IFEBAValueObject</ParentType>
	</Type>
	<Type>
		<ClassName>CustomMailHeaderVO</ClassName>
		<PackageName>com.botw.ebanking.types.valueobjects</PackageName>
		<ParentType>IFEBAValueObject</ParentType>
	</Type>
	<Type>
		<ClassName>CustomBAI2AccountEnquiryVO</ClassName>
		<PackageName>com.botw.ebanking.types.valueobjects</PackageName>
		<ParentType>IFEBAValueObject</ParentType>
	</Type>
	<Type>
		<ClassName>CustomInformationReportsLockboxVO</ClassName>
		<PackageName>com.botw.ebanking.types.valueobjects</PackageName>
		<ParentType>IFEBAValueObject</ParentType>
	</Type>
	<Type>
		<ClassName>CustomFindBankDetailsVO</ClassName>
		<PackageName>com.botw.ebanking.types.valueobjects</PackageName>
		<ParentType>IFEBAValueObject</ParentType>
	</Type>
	<Type>
		<ClassName>CustomActivityCritVO</ClassName>
		<PackageName>com.botw.fentbase.types.valueobjects</PackageName>
		<ParentType>IFEBAValueObject</ParentType>
	</Type>
	<Type>
		<ClassName>CustomBAI2BalanceDetailsVO</ClassName>
		<PackageName>com.botw.ebanking.types.valueobjects</PackageName>
		<ParentType>IFEBAValueObject</ParentType>
	</Type>
	<Type>
		<ClassName>CustomBAI2HeaderDetailsVO</ClassName>
		<PackageName>com.botw.ebanking.types.valueobjects</PackageName>
		<ParentType>IFEBAValueObject</ParentType>
	</Type>
	<Type>
		<ClassName>CustomTranRequestDetailVO</ClassName>
		<PackageName>com.botw.ebanking.types.valueobjects</PackageName>
		<ParentType>IFEBAValueObject</ParentType>
	</Type>
	<Type>
		<ClassName>CustomBAI2AccountVO</ClassName>
		<PackageName>com.botw.ebanking.types.valueobjects</PackageName>
		<ParentType>IFEBAValueObject</ParentType>
	</Type>
	<Type>
		<ClassName>CustomInformationReportsCreditSweepVO</ClassName>
		<PackageName>com.botw.ebanking.types.valueobjects</PackageName>
		<ParentType>IFEBAValueObject</ParentType>
	</Type>
	<Type>
		<ClassName>CustomInformationReportsAccountSummaryVO</ClassName>
		<PackageName>com.botw.ebanking.types.valueobjects</PackageName>
		<ParentType>IFEBAValueObject</ParentType>
	</Type>
	<Type>
		<ClassName>CustomInformationReportsCreditSummaryVO</ClassName>
		<PackageName>com.botw.ebanking.types.valueobjects</PackageName>
		<ParentType>IFEBAValueObject</ParentType>
	</Type>
	<Type>
		<ClassName>CustomInformationReportsTransactionListVO</ClassName>
		<PackageName>com.botw.ebanking.types.valueobjects</PackageName>
		<ParentType>IFEBAValueObject</ParentType>
	</Type>
	<Type>
		<ClassName>CustomExchangeRateCodeVO</ClassName>
		<PackageName>com.botw.ebanking.types.valueobjects</PackageName>
		<ParentType>IFEBAValueObject</ParentType>
	</Type>
	<Type>
		<ClassName>NCBUserContactSearchMainVO</ClassName>
		<PackageName>com.infosys.ebanking.types.valueobjects</PackageName>
		<ParentType>IFEBAValueObject</ParentType>
	</Type>
	<Type>
		<ClassName>NCBUserSearchCriteriaVO</ClassName>
		<PackageName>com.infosys.ebanking.types.valueobjects</PackageName>
		<ParentType>IFEBAValueObject</ParentType>
	</Type>
	<Type>
		<ClassName>NCBUserContactSearchDetailsVO</ClassName>
		<PackageName>com.infosys.ebanking.types.valueobjects</PackageName>
		<ParentType>IFEBAValueObject</ParentType>
	</Type>
	<Type>
		<ClassName>AverageBalanceVO</ClassName>
		<PackageName>com.infosys.ebanking.types.valueobjects</PackageName>
		<ParentType>IFEBAValueObject</ParentType>
	</Type>
	<Type>
		<ClassName>UserSearchCriteriaVO</ClassName>
		<PackageName>com.infosys.ebanking.types.valueobjects</PackageName>
		<ParentType>IFEBAValueObject</ParentType>
	</Type>
	<Type>
		<ClassName>UserSearchDetailsVO</ClassName>
		<PackageName>com.infosys.ebanking.types.valueobjects</PackageName>
		<ParentType>IFEBAValueObject</ParentType>
	</Type>
	<Type>
		<ClassName>UserSearchEnquiryVO</ClassName>
		<PackageName>com.infosys.ebanking.types.valueobjects</PackageName>
		<ParentType>IFEBAValueObject</ParentType>
	</Type>
	<Type>
		<ClassName>CorpUserSearchCriteriaVO</ClassName>
		<PackageName>com.infosys.ebanking.types.valueobjects</PackageName>
		<ParentType>IFEBAValueObject</ParentType>
	</Type>
	<Type>
		<ClassName>CorpUserSearchDetailsVO</ClassName>
		<PackageName>com.infosys.ebanking.types.valueobjects</PackageName>
		<ParentType>IFEBAValueObject</ParentType>
	</Type>
	<Type>
		<ClassName>CorpUserSearchEnquiryVO</ClassName>
		<PackageName>com.infosys.ebanking.types.valueobjects</PackageName>
		<ParentType>IFEBAValueObject</ParentType>
	</Type>
	<Type>
		<ClassName>AverageBalanceVO</ClassName>
		<PackageName>com.infosys.ebanking.types.valueobjects</PackageName>
		<ParentType>IFEBAValueObject</ParentType>
	</Type>
	<Type>
		<ClassName>QuAverageBalanceVO</ClassName>
		<PackageName>com.infosys.ebanking.types.valueobjects</PackageName>
		<ParentType>IFEBAValueObject</ParentType>
	</Type>
	<Type>
		<ClassName>CustomUserAddVO</ClassName>
		<PackageName>com.infosys.ebanking.types.valueobjects</PackageName>
		<ParentType>IFEBAValueObject</ParentType>
	</Type>
	<Type>
		<ClassName>CustomUserSearchCriteriaVO</ClassName>
		<PackageName>com.infosys.ebanking.types.valueobjects</PackageName>
		<ParentType>IFEBAValueObject</ParentType>
	</Type>
	<Type>
		<ClassName>CustomUserSearchDetailsVO</ClassName>
		<PackageName>com.infosys.ebanking.types.valueobjects</PackageName>
		<ParentType>IFEBAValueObject</ParentType>
	</Type>
	<Type>
		<ClassName>CustomUserSearchEnquiryVO</ClassName>
		<PackageName>com.infosys.ebanking.types.valueobjects</PackageName>
		<ParentType>IFEBAValueObject</ParentType>
	</Type>
	<Type>
		<ClassName>CustomUserContactAddVO</ClassName>
		<PackageName>com.infosys.ebanking.types.valueobjects</PackageName>
		<ParentType>IFEBAValueObject</ParentType>
	</Type>
	<Type>
		<ClassName>CustomUserSearchCriteriaVO</ClassName>
		<PackageName>com.infosys.ebanking.types.valueobjects</PackageName>
		<ParentType>IFEBAValueObject</ParentType>
	</Type>
	<Type>
		<ClassName>CustomUserSearchDetailsVO</ClassName>
		<PackageName>com.infosys.ebanking.types.valueobjects</PackageName>
		<ParentType>IFEBAValueObject</ParentType>
	</Type>
	<Type>
		<ClassName>CustomUserSearchEnquiryVO</ClassName>
		<PackageName>com.infosys.ebanking.types.valueobjects</PackageName>
		<ParentType>IFEBAValueObject</ParentType>
	</Type>
</TypesCatalogue>