<?xml version="1.0" ?>
<?xml-stylesheet type="text/xsl" href="FEBAEntityReferences.xsl"?>
<EntityReference xmlns:xsi="http://www.w3.org/2001/XMLSchema-instance"
            xsi:schemaLocation="http://www.infosys.org FEBAEntityReferences.xsd"
            xmlns="http://www.infosys.org/EntityReferences">
        <PackageName>com.futurebank.ebanking.types.entityreferences</PackageName>
        <ClassName>CustomCountryCodeER</ClassName>
        <RelatedDatabaseTable>COMMON_CODES:COCD</RelatedDatabaseTable>
        <Fields>
                <Field>
                        <FieldName>code</FieldName>
                        <FieldType>CountryCode</FieldType>
                        <FieldDescription>This field is used to capture Country code</FieldDescription>
                        <FieldDefaultValue></FieldDefaultValue>
                        <IsKeyField>true</IsKeyField>
                        <IsNullable>false</IsNullable>
                </Field>                
        </Fields>
</EntityReference>
