<?xml version="1.0" encoding="UTF-8"?>
<?xml-stylesheet type="text/xsl" href = "FormsGroup.xsl"?>
<formsgroup xmlns="http://www.infosys.com/ebanking/formsgroup">

	<id>TransactionHistoryFG</id>
	<module-id>accounts</module-id>
	<table-accessed>UEDT,TXDT,COCD,PRPM,DTXL</table-accessed>
	<doc>
		This FG is used to display the Transaction History of a selected
		accounts for Operative, Deposit and Loan accounts
	</doc>
	<audit-desc>Fetch Transaction History FG</audit-desc>
	<declaration>
		<variable name="categoryEnquiryVO"		datatype="CustomTranCatInqVO"		instantiate="YES" />
		<variable name="selectedRecordCookie"
				datatype="FEBACookie" instantiate="YES" />
		<variable name="categoryListSize"	datatype="FEBAUnboundInt"	
				instantiate="YES" initialize="0"/>
				
	</declaration>

	<extern>
		<reference name="TXN_USER_CATEGORY" type="Field" />
		<reference name="TXN_CATEGORY_IMAGE" type="Field" />
		<reference name="SELECTED_INDEX" type="Field" />
		<reference name="ACCOUNT_CURRENCY" type="Field" />
		<reference name="enquiryVO" type="Global" />
		<reference name="RESULT_LIST_SIZE" type="Field" />
		<reference name="ACCOUNT_ID" type="Field" />
		<reference name="ACCOUNT_NICKNAME" type="Field" />
	</extern>
	<form-data>
			
		<form-field type="basic">
			<doc>Holds user selected Txn Id for edit</doc>
			<audit-desc>Selected Transaction ID</audit-desc>
			<name>SELECTED_TXN_ID</name>
			<datatype>TransactionID</datatype>
		</form-field>
		
		<form-field type="basic">
			<doc>Holds user selected Txn Srl No</doc>
			<audit-desc>Selected Transaction Srl No</audit-desc>
			<name>SELECTED_TXN_SRL_NO</name>
			<datatype>TransactionSerialNumber</datatype>
		</form-field>
		
		<form-field type="basic">
			<doc>Holds user selected Txn date</doc>
			<audit-desc>Selected Transaction Date</audit-desc>
			<name>SELECTED_TXN_DATE</name>
			<datatype>FEBADate</datatype>
		</form-field>
		
		<form-field type="basic">
			<doc>
				This field holds user selected transaction category 
				in details page.
			</doc>
			<audit-desc>Transaction user category</audit-desc>
			<name>CATEGORY_NAME</name>
			<datatype>DescriptionShort</datatype>
		</form-field>
		<form-field type="basic">
			<doc>
				This field will hold Account Balance.
			</doc>
			<audit-desc>Transaction user category</audit-desc>
			<name>ACCOUNT_BAL</name>
			<datatype>FEBAAmount</datatype>
		</form-field>
		<form-field type="basic">
			<doc>
				This field will hold Account Available Balance.
			</doc>
			<audit-desc>Transaction user category</audit-desc>
			<name>AVAIL_BAL</name>
			<datatype>FEBAAmount</datatype>
		</form-field>
		
		
		<form-field type="array">
			<doc>
				This is the array type field name against which user
				tagged transaction category value will be associated.
			</doc>
			<audit-desc>Transaction user category</audit-desc>
			<name>TXN_USER_CATEGORY</name>
			<datatype>DescriptionShort</datatype>
		</form-field>

		<form-field type="array">
			<doc>
				This is the array type field name against which
				Transaction category image name will be associated.
			</doc>
			<audit-desc>Txn Category Image</audit-desc>
			<name>TXN_CATEGORY_IMAGE</name>
			<datatype>DescriptionShort</datatype>
		</form-field>

		<form-field type="array">
			<doc>
				This is the array type field name against which account
				balance at that transaction leg will be associated.
			</doc>
			<audit-desc>Account Balance</audit-desc>
			<name>TXN_ACCNT_BAL</name>
			<datatype>FEBAAmount</datatype>
		</form-field>
	</form-data>
	
	
	<ui-controls>
		<control id="TransactionListing" type="Listing">
			<doc>
				This ui control overrides the product control and changes
				the UI.
			</doc>
			<properties>
				<property name="list-ui" value="TranHistory" />
				<property name="error-map-name"	value="TransactionErrorMapping" />
				<property name="inq-obj-name"  value="enquiryVO" />
				<property name="crit-map-name" value="txnCritMapping" />
				<property name="list-map-name" value="txnHistoryListMapping" />
				<property name="service-name"  value="TransactionService" />
				<property name="service-method" value="fetch" />
			</properties>
		</control>
	</ui-controls>
	
	<mappings>
		<mapping type="LIST" id="txnHistoryListMapping_CUSTOM"
			datatype="CustomTxnListExtendedVO" recordType="CustomTxnDetailsExtendedVO"
			customVOName="CustomTxnListExtendedVO">
			<doc>
				Mapping of fields in extended VO fetched from
				Transaction History list custom query
			</doc>
			<field-mappings>
				<field-mapping form-field="TXN_USER_CATEGORY[i]"
					vo-field="resultList[i].txnUserCategory" />
				<field-mapping form-field="TXN_CATEGORY_IMAGE[i]"
					vo-field="resultList[i].txnUserCategoryImage" />
				<field-mapping form-field="TXN_ACCNT_BAL[i]"
					vo-field="resultList[i].txnAccountBalance" />
			</field-mappings>
		</mapping>
		
		<mapping type="VO" id="tranDetailsMapping"
				datatype="CustomTxnDetailsVO" customVOName="Dummy123">
				<doc>
					Here we are mapping the selected transaction's form
					fields to the fields in the value object.
				</doc>
				<field-mappings>
					<field-mapping form-field="SELECTED_TXN_ID"
						vo-field="transactionID" />
					<field-mapping form-field="ACCOUNT_ID"
						vo-field="accountIDER.accountID" />
					<field-mapping form-field="SELECTED_TXN_DATE"
						vo-field="transactionDate" />
					<field-mapping form-field="SELECTED_TXN_SRL_NO"
						vo-field="transactionSrlNo" />
				</field-mappings>
		</mapping>

	</mappings>

	<events>
		<event name="LOAD_HISTORY">
			<doc>
				This event overrides the product LOAD_HISTORY	event.
			</doc>
			<audit-desc>Load History</audit-desc>
			<declaration>
				<variable name="recordList" datatype="FEBAArrayList" />
				<variable name="acctVO"
							datatype="AccountVO" />
				<variable name="userProfileVO"		datatype="UserProfileVO" />
			</declaration>
			<event-handling-block>
				<step>
					FGI::SetViewId("TranHistory");
				</step>
				<step>FGL::IF(ACCOUNT_ID == "")</step>
					<step comment="get user profile vo from context">
						FGI::GetContextVariable(userProfileVO,"USER_PROFILE_VO");
					</step>
					<step comment="Get Accounts List">
						FGI::ValueObject("GET",recordList,userProfileVO,"accountList");
					</step>
					<step comment="Getting the first account to display its history">FGI::TypeOperation("LIST_GET",acctVO,recordList,0);</step>
					<step>FGI::ValueObject("GET",ACCOUNT_ID,acctVO,"accountIDER.accountID")</step>
					<step>FGI::ValueObject("GET",ACCOUNT_NICKNAME,acctVO,"accountNickNameER.accountNickName")</step>
				<step>FGL::ENDIF</step>
				<step comment="Event call to get history for the defaulted account">FGI::CallEvent("GET_HISTORY");</step>
			</event-handling-block>
		</event>

		<event name="GET_HISTORY">
			<doc>
				This event makes service call to fetch the
				transaction history of the selected record.
			</doc>
			<audit-desc>Get History</audit-desc>
			<declaration>
				<variable name="resultList"
					datatype="FEBAArrayList" />
			</declaration>
			<event-handling-block>
				<step>FGI::Clear(SELECTED_INDEX);</step>
				
				<step>FGI::GetPRPMValue(ACCOUNT_CURRENCY,"HOME_CUR_CODE");</step>
				<step>FGI::SetViewId("TranHistory");</step>
				<step>FGI::LoadUIControl("TransactionListing");</step>
				<step>FGI::RefreshFromVO(enquiryVO,"summaryMapping");</step>
				<step>FGI::RefreshFromVO(enquiryVO,"txnCritMapping");</step>
				<step>FGI::GetContextCustomVariable(ACCOUNT_BAL,"AccBal");</step>
				<step>FGI::GetContextCustomVariable(AVAIL_BAL,"AvailBal");</step>
				<step>FGI::ValueObject("GET",resultList,enquiryVO,"resultList")</step>
				<step>FGI::TypeOperation("LIST_SIZE",RESULT_LIST_SIZE,resultList);</step>
			</event-handling-block>
		</event>

		<event name="ASSIGN_CATEGORY">
			<doc>
				This event makes a service call to update the selected
				transaction category. 
			</doc>
			<audit-desc>Assign Transaction Category</audit-desc>
			<declaration>
				<variable name="resultList"	datatype="FEBAArrayList" />
				<variable name="fieldName"	datatype="FEBAUnboundString" />
				<variable name="fieldName1"	datatype="FEBAUnboundString" />
				<variable name="selectedCategory"	datatype="DescriptionShort" />
				<variable name="txnHistoryDetailsVO"
							datatype="TxnHistoryDetailsVO" instantiate="YES" />
				<variable name="txnListExtendedVO" datatype="CustomTxnListExtendedVO"
							instantiate="YES" />
				<variable name="customDtlsVO"
					datatype="CustomTxnDetailsExtendedVO" instantiate="YES" />
				<variable name="txnCategoryDetailsVO"
							datatype="CustomTranCatMaintVO" instantiate="YES" />
				<variable name="txnDetailsVO"
							datatype="CustomTxnDetailsVO" instantiate="YES" />
				<variable name="errorList"	datatype="FEBAArrayList" />
			</declaration>
			<event-handling-block>
				<step>FGI::SOP("INSIDE ASSIGN CATEGORY",SELECTED_INDEX);</step>
				<step>FGI::Clear(SELECTED_TXN_ID);</step>
				<step>FGI::Clear(SELECTED_TXN_SRL_NO);</step>
				<step>FGI::Clear(SELECTED_TXN_DATE);</step>
				<step>FGI::String("CONCAT",fieldName1,"resultList[",SELECTED_INDEX,"]");</step>
				<step comment="get the selected record vo from list">
					FGI::ValueObject("GET",txnHistoryDetailsVO,enquiryVO,fieldName1)
				</step>
				<step comment="get the transaction id of the selected record">
					FGI::ValueObject("GET",SELECTED_TXN_ID,txnHistoryDetailsVO,"lastTxnID")
				</step>
				<step comment="gets the Transaction Date of the selected record" >
					FGI::ValueObject("GET",SELECTED_TXN_DATE,txnHistoryDetailsVO,"transactionDate")
				</step>
				<step comment="gets the transaction serial number of the selected record">
					FGI::ValueObject("GET",SELECTED_TXN_SRL_NO,txnHistoryDetailsVO,"lastTxnSrlNo");
				</step>
				<step>FGI::GetContextCustomVariable(txnListExtendedVO,"CustomTxnListExtendedVO");</step>
				<step>FGI::ValueObject("GET",customDtlsVO,txnListExtendedVO,fieldName1)</step>
				<step comment="gets the Cookie from the  of the selected record">
					FGI::ValueObject("GET",selectedRecordCookie,customDtlsVO,"cookie");
				</step>
				
				<step>FGI::PopulateVO(txnDetailsVO,"tranDetailsMapping");</step>
				
				<step>FGI::ValueObject("SET",txnDetailsVO,CATEGORY_NAME,"txnUserCategory");</step>
				<step>FGI::ValueObject("SET",txnDetailsVO,selectedRecordCookie,"cookie");</step>
				<step comment="Service call to update the transaction category">FGI::InvokeService(txnDetailsVO,"TxnDetailsService","update");</step>
				
				<step>FGI::CallEvent("GET_HISTORY");</step>
			</event-handling-block>	
		</event>
		
		<event name="POST_LOAD_TRANSACTION_DETAILS">
			<doc>
				This event makes a service call to update the selected
				transaction category. 
			</doc>
			<declaration>
				<variable name="fldName"
							datatype="FEBAUnboundString" />
				<variable name="extListVO"
							datatype="CustomTxnListExtendedVO" />
				<variable name="extDtlsVO"
							datatype="CustomTxnDetailsExtendedVO" />
				<variable name="txnHistDetVO"
							datatype="TxnHistoryDetailsVO" instantiate="YES" />
			</declaration>
			<event-handling-block>
				<step>
					FGI::String("CONCAT",fldName,"resultList[",SELECTED_INDEX,"]");
				</step>
				<step>FGI::GetContextCustomVariable(extListVO,"CustomTxnListExtendedVO");</step>
				<step comment="puts the selected record into a ValueObject">
						FGI::ValueObject("GET",extDtlsVO,extListVO,fldName)
				</step>
				<step comment="puts the selected record into a ValueObject">
					FGI::ValueObject("GET",txnHistDetVO,enquiryVO,fldName)
				</step>
				<step comment="gets the InstrumentID from the  of the selected record">
					FGI::ValueObject("GET",SELECTED_TXN_ID,txnHistDetVO,"lastTxnID")
				</step>
				<step comment="gets the Transaction Date of the selected record" >
					FGI::ValueObject("GET",SELECTED_TXN_DATE,txnHistDetVO,"transactionDate")
				</step>
				<step comment="gets the TxnRemarks from the  of the selected record">
					FGI::ValueObject("GET",SELECTED_TXN_SRL_NO,txnHistDetVO,"lastTxnSrlNo");
				</step>
				<step comment="Get the existing category name of transaction">
					FGI::ValueObject("GET",CATEGORY_NAME,extDtlsVO,"txnUserCategory");
				</step>
				
			</event-handling-block>
		</event>
</events>
</formsgroup>