<?xml version="1.0" encoding="UTF-8"?>
<?xml-stylesheet type="text/xsl" href="DBQuery.xsl"?>
<!-- 
SELECT CNTRY, STATE_CODE, STATE_DESC, LANG_ID FROM STCD
                WHERE
                CNTRY = ? AND STATE_CODE = ? AND LANG_ID =? AND STATE_DESC =?
 -->
 
 <DalSpec>
 <ObjectName>CPStateCodeListQuery</ObjectName>	<!-- QueryBuilder class name -->
 <DataClassName>CPStateCodeListBuilder</DataClassName>   <!-- DataBuilder class name -->
 <DalPackage>com.futurebank.ebanking.dbaccess.dal.querybuilder</DalPackage>  <!-- QueryBuilder Package structure -->
 <DataPackage>com.futurebank.ebanking.dbaccess.dal.databuilder</DataPackage> <!-- DataBuilder Package structure -->
 <TableUsed>STCD</TableUsed><!-- Tables used in the Query -->
 
 <!-- **********start** declaration of criteria fileds (where clause fields) *************** -->
   
 <CritList>
    <CritFields sqlIdentifier="StateCodeListFetchQuery">   	<!-- sqlIdentifier to identify query(Preferably usecase name) -->	
		
		    			
    		<CritField>
    			<name>stateDescriptionCustom</name>
			<column>STATE_DESC</column>
			<datatype>com.futurebank.ebanking.types.primitives.CustomStateDescription</datatype>
    		</CritField>
    		</CritFields>
    
    
 </CritList> 
 
 <!-- **********end** declaration of criteria fileds *************** -->
 
 <!-- **********start** declaration of columns which needs to be retrived from tables *************** -->
 
 <GlobalFields>  
        <field>
  		<function></function>
  		<tablename>STCD</tablename>
  		<name>LANG_ID</name>
  		<mask></mask>
 	</field>
 	
 </GlobalFields>
 
 <!-- **********end************** -->
 
 <QueryList>
     
     <SQL identifier = "StateCodeListFetchQuery">
 	
 	<Query identifier = "StateCodeListFetchQuery">   	
      	
      	<command name="Select"/>   	 	
 	<Fields>   		
 		
 		<!-- **********start**specify the columns which needs to be retrived *************** -->
 		<addedFields>

 			<STCD.LANG_ID/>	
 		</addedFields>
 		<!-- **********end******* -->
 		
 	</Fields>
 	  <tables>
 		
 	  </tables>
 	  <filter>
 		<type>where</type> 				
 		
 		<!-- ********** start criterion check like where  *************** -->
 		
 		
 		
 		<criterion condition = "FEBATypesUtility.isNotNull(country)">
		 			<field>
		 				<STCD.CNTRY/>				
		 			</field>	
		 			<operator>=</operator>
		 			<value>
		 				<tablename></tablename>
		 				<name></name>
		 				<variable>country</variable>
		 							
		 			</value>
		 			
		 		</criterion>
		 		<logical-operator>AND</logical-operator>
		 		<criterion condition = "FEBATypesUtility.isNotNullOrBlank(stateCode)">
		 			<field>
		 				<STCD.STATE_CODE/>
		 			</field>	
		 			<operator>LIKE</operator>
		 			<value>
						<tablename></tablename>
						<name></name>
						<variable>stateCode</variable>
						<pattern>"%"+stateCode+"%"</pattern>

							 							
		 			</value>
		
		 		</criterion>
		 		<logical-operator>AND</logical-operator> 				
		 		<criterion condition = "FEBATypesUtility.isNotNullOrBlank(languageID)">
					<field>
						<STCD.LANG_ID/>				
					</field>	
					<operator>=</operator>
		 			<value>
						<tablename></tablename>
						<name></name>
						<variable>languageID</variable>
							 							
		 			</value>			
			</criterion>
 			<logical-operator>AND</logical-operator> 				
		 		<criterion condition = "FEBATypesUtility.isNotNullOrBlank(stateDescriptionCustom)">
					<field>
						<STCD.STATE_DESC/>				
					</field>	
					<operator>=</operator>
		 			<value>
						<tablename></tablename>
						<name></name>
						<variable>stateDescriptionCustom</variable>
							 							
		 			</value>			
		</criterion>
 		
	 </filter>  
		
     </Query>
      
    </SQL>   
 </QueryList>   
   
 <!--********** Start data builder declaration ******* -->
 
 <DataBuilderList>
    <DataBuilder identifiers="StateCodeListBuilder">
 	   <ResultSetMap vo-classname="com.futurebank.ebanking.types.valueobjects.CustomStateCodeVO" isCookieReq="N" isExistingVO="N">
 	   
		  <ParamInfo> 
		 	<column>LANG_ID</column>
		 	<vo-field>languageID</vo-field>
		 	<field-type>CustomLanguageId</field-type>
	   	 </ParamInfo>
	   	
 	  </ResultSetMap>
     </DataBuilder>
   </DataBuilderList>
   
   <!--********** End data builder declaration ******* -->
   
 </DalSpec>
 
