<?xml version="1.0"?>
<CustomConfig>
        <customTransactionHook>
        	<customVariationIdentifier id="XYZ">
				<customVariationHook hookPoint="CustomInitializer">
					<customVaritionHookClassName>com.infosys.ebanking.bankname.mailsCustomInitialize</customVaritionHookClassName>
				</customVariationHook>
				<customVariationHook hookPoint="CustomValidate">
					<customVaritionHookClassName>com.infosys.ebanking.bankname.mailsCustomValidate</customVaritionHookClassName>
				</customVariationHook>
				<customVariationHook hookPoint="CustomPreProcess">
					<customVaritionHookClassName>com.infosys.ebanking.bankname.mailsCustomProcess</customVaritionHookClassName>
				</customVariationHook>
				<customVariationHook hookPoint="CustomPostProcess">
					<customVaritionHookClassName>com.infosys.ebanking.bankname.mailsCustomPostProcess</customVaritionHookClassName>
				</customVariationHook>
				<customVariationHook hookPoint="CustomPostProcessHandler">
					<customVaritionHookClassName>com.infosys.ebanking.bankname.mailsCustomPostProcessHandler</customVaritionHookClassName>
				</customVariationHook>
				<customVariationHook hookPoint="CustomMailCount">
					<customVaritionHookClassName>com.infosys.ebanking.bankname.mailsCustomCount</customVaritionHookClassName>
				</customVariationHook>
				<customVariationHook hookPoint="CustomMailIdValidate">
					<customVaritionHookClassName>com.infosys.ebanking.bankname.mailsCustomIdValid</customVaritionHookClassName>
				</customVariationHook>
			</customVariationIdentifier>
			<customVariationIdentifier id="LodgeRequestServiceProcessImpl">
				<customVariationHook hookPoint="CustomDateManipulator">
					<customVaritionHookClassName>com.infosys.ebanking.custom.SRDateManipulator</customVaritionHookClassName>
				</customVariationHook>
				<customVariationHook hookPoint="CustomChargeCalculate">
					<customVaritionHookClassName>com.infosys.ebanking.custom.SRChargeCalculator</customVaritionHookClassName>
				</customVariationHook>
				<customVariationHook hookPoint="CustomChargeUpdate">
					<customVaritionHookClassName>com.infosys.ebanking.custom.SRChargeUpdate</customVaritionHookClassName>
				</customVariationHook>
			</customVariationIdentifier>
			<customVariationIdentifier id="SRNonRolloutCommonServiceImpl">
				<customVariationHook hookPoint="CustomDateManipulator">
					<customVaritionHookClassName>com.infosys.ebanking.custom.SRDateManipulator</customVaritionHookClassName>
				</customVariationHook>
				<customVariationHook hookPoint="CustomChargeCalculate">
					<customVaritionHookClassName>com.infosys.ebanking.custom.SRChargeCalculator</customVaritionHookClassName>
				</customVariationHook>
				<customVariationHook hookPoint="CustomChargeUpdate">
					<customVaritionHookClassName>com.infosys.ebanking.custom.SRChargeUpdate</customVaritionHookClassName>
				</customVariationHook>
			</customVariationIdentifier>
			<customVariationIdentifier id="UserMaintServiceFetchCustomerInfoImpl">
				<customVariationHook hookPoint="CustomFetchCustomerInfo">
					<customVaritionHookClassName>com.infosys.ebanking.custom.FetchCustomerDetails</customVaritionHookClassName>
				</customVariationHook>
			</customVariationIdentifier>

		<!-- Added by Transaction Management Start -->


		<customVariationIdentifier id="com.infosys.ebanking.transaction.util.ChargeAmountCalculator">


					<customVariationHook hookPoint="CustomCalculateCharge">


						<customVaritionHookClassName>com.infosys.ebanking.transaction.extension.CustomChargeCalculator</customVaritionHookClassName>


					</customVariationHook>


				</customVariationIdentifier>


						<customVariationIdentifier id="com.infosys.ebanking.transaction.util.CommissionAmountCalculator">


					<customVariationHook hookPoint="CustomCalculateCommission">


						<customVaritionHookClassName>com.infosys.ebanking.transaction.extension.CustomCommissionCalculator</customVaritionHookClassName>


					</customVariationHook>


				</customVariationIdentifier>


						<customVariationIdentifier id="com.infosys.ebanking.transaction.util.AllowanceCalculator">


					<customVariationHook hookPoint="CustomCalculateDelayAllowance">


						<customVaritionHookClassName>com.infosys.ebanking.transaction.extension.CustomDelayAllowanceCalculator</customVaritionHookClassName>


					</customVariationHook>


				</customVariationIdentifier>


		<!-- Added by Transaction Management End -->			
		<!-- Added for Network Validation by Prakhar: Start -->
				<customVariationIdentifier id="com.infosys.ebanking.transaction.validator.CountryParamValidator">
					<customVariationHook hookPoint="CustomCountryParamValidator">
						<customVaritionHookClassName>com.infosys.ebanking.transaction.extension.CustomCountryParamValidator</customVaritionHookClassName>
					</customVariationHook>
				</customVariationIdentifier>

				<customVariationIdentifier id="com.infosys.ebanking.transaction.validator.NetworkPropertyValidator">
					<customVariationHook hookPoint="CustomNetworkPropertyValidator">
						<customVaritionHookClassName>com.infosys.ebanking.transaction.extension.CustomCountryParamValidator</customVaritionHookClassName>
					</customVariationHook>
				</customVariationIdentifier>
				
			<!-- Added Network Validation by Prakhar: End -->
			
		<!-- Added for Country Specific and Additional IBAN Validation: Start -->
				<customVariationIdentifier id="com.infosys.ebanking.txnss.validator.CountrySpecificIBANValidate">
					<customVariationHook hookPoint="CustomCountrySpecificIBANValidate">
						<customVaritionHookClassName>com.infosys.ebanking.txnss.CustomCountrySpecificIBANVal</customVaritionHookClassName>
					</customVariationHook>
				</customVariationIdentifier>

				<customVariationIdentifier id="com.infosys.ebanking.transaction.validator.AdditionalIBANValidate">
					<customVariationHook hookPoint="CustomAdditionalIBANValidate">
						<customVaritionHookClassName>com.infosys.ebanking.txnss.CustomAdditionalIBANVal</customVaritionHookClassName>
					</customVariationHook>
				</customVariationIdentifier>
<!-- Added for Country Specific and Additional IBAN Validation: End -->
			<customVariationIdentifier id="ORRetrievalAuthenticationServiceFetchCIFDetailsImpl">
				<customVariationHook hookPoint="ORDebitcardAndPrimaryIdValHook">
					<customVaritionHookClassName>com.infosys.ebanking.onlinereg.custom.ORDebitcardAndPrimaryIdValHook</customVaritionHookClassName>
				</customVariationHook>
			</customVariationIdentifier>
	
	<!-- Added for DirectBanking: Start -->

			<customVariationIdentifier id="DBAppRegServiceSubmitImpl">
          		<customVariationHook hookPoint="CreateUserIdHook">
                 	 	<customVaritionHookClassName>com.infosys.ebanking.directbanking.custom.CreateUserIdHook</customVaritionHookClassName>
          		</customVariationHook>
          		<customVariationHook hookPoint="DBMenuProfileHook">
                  		<customVaritionHookClassName>com.infosys.ebanking.directbanking.custom.DBMenuProfileHook</customVaritionHookClassName>
          		</customVariationHook>
             </customVariationIdentifier>     

	
			<customVariationIdentifier id="DBJAHAppRegServiceSubmitImpl">
			                  <customVariationHook hookPoint="CreateUserIdHook">
			                          <customVaritionHookClassName>com.infosys.ebanking.directbanking.custom.CreateUserIdHook</customVaritionHookClassName>
			                  </customVariationHook>
			                  <customVariationHook hookPoint="DBMenuProfileHook">
			                          <customVaritionHookClassName>com.infosys.ebanking.directbanking.custom.DBMenuProfileHook</customVaritionHookClassName>
			              	</customVariationHook>
			             </customVariationIdentifier>
			              <customVariationIdentifier id="DBAddressVerificationServiceVerifyImpl">
			                  <customVariationHook hookPoint="PAFVerificationHook">
			                          <customVaritionHookClassName>com.infosys.ebanking.directbanking.custom.PAFVerificationHook</customVaritionHookClassName>
			                  </customVariationHook>
             </customVariationIdentifier>

	<!-- Added for DirectBanking: End -->
	
	
		<customVariationIdentifier id="StateCodeDetailsServiceFetchImpl">
			<customVariationHook hookPoint="CustomAssociateQuery">
				<customVaritionHookClassName>com.futurebank.ebanking.CustomStateCodeAssociateQuery</customVaritionHookClassName>
			</customVariationHook>
	
		</customVariationIdentifier>
	
	</customTransactionHook>	
</CustomConfig>