<HIFConfig>
	<implementationConfigList>
		<implementationConfig>
			<hostConfigList>
				<hostConfig hostName="BC">
					<routeConfigList>
						<routeConfig routeName="ISO8583" isDefault="Y">
							<routerClassName>com.infosys.ebanking.hif.channel.bancsconnect.ISOMessageForBCHandler</routerClassName>
							<responseConverter>com.infosys.feba.framework.hif.processor.ISO8583HostResponseConverter</responseConverter>
							<propertyConfig>
								<properties>
									<property name="MessageFormat" value="ISO8583"/>
									<property name="Host" value="10.66.118.2" />
									<property name="Port" value="31980" />
				      				<property name="HeaderLength" value="4" />
									<property name="ControllerId" value="CMN" />
									<property name="retryCount" value="1" />
									<property name="TimeOut" value="99999" />
								</properties>
							</propertyConfig>
						</routeConfig>
					</routeConfigList>
					<propertyConfig>
						<properties>
							<property name="retryCount" value="1"/>
							<property name="TimeOut" value="10000"/>
						</properties>
					</propertyConfig>
				</hostConfig>
				<hostConfig hostName="FI">
					<routeConfigList>
						<routeConfig routeName="XML/HTTP" isDefault="Y">
							<routerClassName>com.infosys.ebanking.hif.channel.fi.XMLForFIHTTPHandler</routerClassName>
							<responseConverter>com.infosys.feba.framework.hif.processor.XMLHostResponseConverter</responseConverter>
							<propertyConfig>
								<properties>
									<property name="MessageFormat" value="XML"/>
									<property name="URL"	value="http://vindya.ad.infosys.com:35680/FISERVLET/fihttp"/>
								</properties>
							</propertyConfig>
						</routeConfig>
						<routeConfig routeName="EJB">
							<routerClassName>com.infosys.ebanking.hif.channel.fi.FIChannelHandler</routerClassName>
							<propertyConfig>
								<properties>
									<property name="portNumber" value="35684" />
									<property name="hostName" value="10.66.118.2" />
								</properties>
							</propertyConfig>
						</routeConfig>
<!-- 						
						<routeConfig routeName="EJB">
							<routerClassName>com.infosys.ebanking.hif.channel.bancsconnect.EJBForFIHandler</routerClassName>
							<propertyConfig>
								<properties>
									<property name="RoutingProtocol" value="IIOP"/>
									<property name="portNumber" value="34362" />
									<property name="hostName" value="10.66.188.2" />
								</properties>
							</propertyConfig>
						</routeConfig>
 -->						
					</routeConfigList>
					<propertyConfig>
						<properties>
							<property name="retryCount" value="1"/>
							<property name="TimeOut" value="10000"/>
						</properties>
					</propertyConfig>
				</hostConfig>	
				
				<hostConfig hostName="FI_ALERT">
					<routeConfigList>
						<routeConfig routeName="XML/HTTP" isDefault="Y">
							<routerClassName>com.infosys.ebanking.hif.channel.fi.XMLForFIHTTPHandler</routerClassName>
							<responseConverter>com.infosys.feba.framework.hif.processor.XMLHostResponseConverter</responseConverter>
							
							<propertyConfig>
								<properties>
									<property name="MessageFormat" value="XML"/>
									<property name="URL"	value="http://charaka.ad.infosys.com:19782/fixmloverhttp/fihttp"/>
								</properties>
							</propertyConfig>
						</routeConfig>
					
					
					</routeConfigList>
					<propertyConfig>
						<properties>
							<property name="retryCount" value="1"/>
							<property name="TimeOut" value="10000"/>
						</properties>
					</propertyConfig>
				</hostConfig>	
							
			</hostConfigList>
		</implementationConfig>
	</implementationConfigList>
</HIFConfig>