<?xml version="1.0" encoding="UTF-8"?>

<formsgroup xmlns="http://www.infosys.com/ebanking/formsgroup"
	xmlns:xsi="http://www.w3.org/2001/XMLSchema-instance"
	xsi:schemaLocation="http://www.infosys.com/ebanking/formsgroup" "FormsGroupSchema.xsd">
	
	<id>MailFG</id>
	<module-id>mails</module-id>
	<doc>This extension of MailFG</doc>
    <audit-desc>MailFG</audit-desc>
	<declaration>
		<variable name="mailDetailsVO" 				datatype = "MailDetailsVO" 		instantiate ="YES" />
	</declaration>
	<form-data>
		<form-field>
			<doc>This is the field name against which mbox id value will be associated.</doc>
			<audit-desc>Mailbox ID</audit-desc>
			<name>CUSTOM_MBOX_ID</name>
			<datatype>MailBoxID</datatype>
	    </form-field>
	</form-data>
	<events>
		<event name="PRE_LOAD">
			<doc>This is implementing pre load hook.</doc>
			<audit-desc>Pre Load Event</audit-desc>    
			<declaration>
				<variable name = "customCallMode" 	datatype ="FEBAUnboundInt"/>
			</declaration>
			<event-handling-block>
				<step>FGI::SetViewId("customMailDashboard");</step>
				<step>FGL::ENDEVENT</step>
			</event-handling-block>   		
		</event>
	</events>	
</formsgroup>