<?xml version="1.0"?>
<formsgroup xmlns:xsi="http://www.w3.org/2001/XMLSchema-instance"
	xmlns="http://www.infosys.com/ebanking/formsgroup">
	<id>MailListFG</id>
	<module-id>mails</module-id>
	<table-accessed>MBOX, MMUL</table-accessed>
	<doc>This FG handles the screens of viewing Inbox,Trash, SentMails, SearchMails and 
		mail in folders. The action that this component performs are deleting mails, 
		moving mails and emptying the trash folder.</doc>
	<audit-desc>MailListFG handles the listing screens like Inbox,Trash, SentMails, SearchMails etc</audit-desc>
	<declaration>
	<variable name="customCallMode" 			 datatype = "FEBAUnboundInt" />
	</declaration>
	<events>
		<event name="PRE_LOAD_BACK">
			<doc>This event handles loading the list of Activities and their corresponding details on to the ListScreen </doc>
			<audit-desc> Load List </audit-desc>
			<event-handling-block>
			        <step>FGI::CustomCallMode(customCallMode);</step> 
			        <step>FGI::SOP("IN MAIL LIST FG::::",customCallMode);</step> 
			</event-handling-block>
		</event>
			</events>
</formsgroup>