<?xml version="1.0"?>
<?xml-stylesheet type="text/xsl" href="FormsGroup.xsl"?>
<formsgroup xmlns:xsi="http://www.w3.org/2001/XMLSchema-instance"
	xmlns="http://www.infosys.com/ebanking/formsgroup">
	<id>StateCodeListFG</id>
	<module-id>txnss</module-id>
	<table-accessed>STCD</table-accessed>
	<doc>
		This FG handles the screens of viewing list of State Codes.
	</doc>
	
	<form-data>
	<form-field type="array">
			<doc>
				This is the field name against which State Code value
				will be associated.
			</doc>
			<name>STATE_DESC_ARRAY</name>
			<datatype>StateDescription</datatype>
		</form-field>
		
		<form-field type="array">
			<doc>
				This is the field name against which State Code value
				will be associated.
			</doc>
			<name>LANG_ID_ARRAY</name>
			<datatype>LanguageId</datatype>
		</form-field>
		
		
		<form-field>
			<doc>
				This is the field name against which State Description value
				will be associated.
			</doc>
			<name>STATE_DESC</name>
			<datatype>StateDescription</datatype>
		</form-field>
		
	</form-data>
	
	<mappings>
		<mapping type="VO" id="StateCodeCriteriaMapping_CUSTOM" datatype="StateCodeCacheVO" >
			<doc>Mapping for fields entered in the criteria screen</doc>
			<field-mappings>
				
				<field-mapping form-field="STATE_DESC"			vo-field="criteria.extensionVO.stateDescriptionCustom" />
			</field-mappings>
		</mapping>
		<mapping type="LIST" 	id="StateCodeListMapping_CUSTOM"	datatype="StateCodeCacheVO" recordType="StateCodeVO" >
			<doc>Mapping of the results of a state code list query</doc>
			<field-mappings>
				
				<field-mapping form-field="LANG_ID_ARRAY[i]"		vo-field="resultList[i].extensionVO.languageID" />
			</field-mappings>
		</mapping>
	</mappings>
	<events>
	
	<event name="POST_LOAD">
			<doc></doc>
			<event-handling-block>
				<step>FGI::SOP("Into my extended FG");</step>
				
			</event-handling-block>
		</event>
	
	<event name="POST_CLEAR">
			<doc></doc>
			<event-handling-block>
				<step>FGI::Clear("STATE_DESC");</step>
				<step>FGI::CallEvent("RETRIEVE_LIST");</step>
			</event-handling-block>
		</event>
		</events>
		
</formsgroup>
