<?xml version="1.0"?>
<?xml-stylesheet type="text/xsl" href="FormsGroup.xsl"?>
<formsgroup xmlns:xsi="http://www.w3.org/2001/XMLSchema-instance"
	xmlns="http://www.infosys.com/ebanking/formsgroup">
	<id>CustomizedAccountDetailsSFG</id>
	<module-id>accounts</module-id>
	<table-accessed>ACMT,ACMS,ACBL,BRPF</table-accessed>
	<doc>This SFG is for displaying account details such as General Details,Customer Details,Balance Details of a specific Operative Account selected by the user.</doc>
	<audit-desc>Operative Account Detail Service FG</audit-desc>
	<declaration>
		<variable name="opActObj" datatype="OpAccountDetailsVO" instantiate="YES"/>
	</declaration>
	
	<form-data>
		<form-field>
			<doc>This is the field name against which the Account Number will be associated.</doc>
			<audit-desc>Account Id</audit-desc>
			<name>ACCOUNT_ID</name>
			<datatype>AccountId</datatype>
			<iotype>io</iotype>
			<grouptype>default</grouptype>
		</form-field>
		
		<form-field>
			<doc>This is the field name against which the AccountNickname will be associated.</doc>
			<audit-desc>Account NickName</audit-desc>
			<name>ACCOUNT_NIC_NAME</name>
			<datatype>AccountNickName</datatype>
			<iotype>io</iotype>
			<grouptype>default</grouptype>
		</form-field>
		
		<form-field>
			<doc>This is the field name against which the Account Name will be associated.</doc>
			<audit-desc>Account Name</audit-desc>
			<name>ACCOUNT_NAME</name>
			<datatype>AccountName</datatype>
			<iotype>io</iotype>
			<grouptype>default</grouptype>
		</form-field>
		
		<form-field>
			<doc>This is the field name against which the Account Type will be associated.</doc>
			<audit-desc>Account Type</audit-desc>
			<name>ACCOUNT_TYPE</name>
			<datatype>AccountType</datatype>
			<iotype>io</iotype>
			<grouptype>default</grouptype>
		</form-field>
		
		<form-field>
			<doc>This is the field name against which the Branch will be associated.</doc>
			<audit-desc>Branch Description</audit-desc>
			<name>BRANCH_DESC</name>
			<datatype>DescriptionShort</datatype>
			<iotype>io</iotype>
			<grouptype>default</grouptype>
		</form-field>
		
		<form-field>
			<doc> This is the field name against which Account category will be associated.</doc>
			<audit-desc>Account Category</audit-desc>
			<name>ACCOUNT_CAT</name>
			<datatype>AccountCategory</datatype>
			<iotype>io</iotype>
			<grouptype>default</grouptype>
		</form-field>
		
		<form-field>
			<doc>This is the field name against which Account status will be associated.</doc>
			<audit-desc>Account Status</audit-desc>
			<name>ACCOUNT_STATUS</name>
			<datatype>AccountStatus</datatype>
			<iotype>o</iotype>
			<grouptype>default</grouptype>
		</form-field>
		
		<form-field>
			<doc>This is the field name against which Account opening date will be associated.</doc>
			<audit-desc>Account Open Date</audit-desc>
			<name>AC_OPN_DT</name>
			<datatype>FEBADate</datatype>
			<iotype>o</iotype>
			<grouptype>default</grouptype>
		</form-field>
		
		<form-field>
			<doc> This is the field name against which Currency code will be associated.</doc>
			<audit-desc>Currency Code</audit-desc>
			<name>CRN_CODE</name>
			<datatype>FEBACurrencyCode</datatype>
			<iotype>o</iotype>
			<grouptype>default</grouptype>
		</form-field>
		
		<form-field>
			<doc> This is the field name against which decides if the Account is Primary or not.</doc>
			<audit-desc>Primary Account Flag</audit-desc>
			<name>IS_PRIMARY_ACCOUNT</name>
			<datatype>YesNoValue</datatype>
			<iotype>o</iotype>
			<grouptype>default</grouptype>
		</form-field>
		
		<form-field>
			<doc> This is the field name against which sanction limit will be associated.</doc>
			<audit-desc>Sanctioned Limit</audit-desc>
			<name>SANCTION_LIMIT</name>
			<datatype>FEBAAmount</datatype>
			<iotype>o</iotype>
			<grouptype>default</grouptype>
		</form-field>
		
		<form-field>
			<doc> This is the field name against accrued Interest will be associated.</doc>
			<audit-desc>Accrued Interest</audit-desc>
			<name>ACCRUED_INTEREST</name>
			<datatype>FEBAAmount</datatype>
			<iotype>o</iotype>
			<grouptype>default</grouptype>
		</form-field>
		
		<form-field>
			<doc> This is the field name against which the customerID will be associated.</doc>
			<audit-desc>Customer Id</audit-desc>
			<name>CUST_ID</name>
			<datatype>CustomerId</datatype>
			<iotype>o</iotype>
			<grouptype>default</grouptype>
		</form-field>
		
		<form-field>
			<doc> This is the field name against which the customer name will be associated.</doc>
			<audit-desc>Customer Name</audit-desc>
			<name>CUST_NAME</name>
			<datatype>DescriptionShort</datatype>
			<iotype>o</iotype>
			<grouptype>default</grouptype>
		</form-field>
		
		<form-field>
			<doc> This is the field name against which the mode of operation will be associated.</doc>
			<audit-desc>Mode of Operation</audit-desc>
			<name>MODE_OF_OPERATION</name>
			<datatype>ModeOfOperation</datatype>
			<iotype>o</iotype>
			<grouptype>default</grouptype>
		</form-field>
		
		<form-field>
			<doc> This is the field name against which the Joint Account Holder1 will be associated.</doc>
			<audit-desc>Joint Account Holder One</audit-desc>
			<name>JOINT_AC_HOLDER_1</name>
			<datatype>Name</datatype>
			<iotype>o</iotype>
			<grouptype>default</grouptype>
		</form-field>
		
		<form-field>
			<doc> This is the field name against which the Joint Account Holder2 will be associated.</doc>
			<audit-desc>Joint Account Holder Two</audit-desc>
			<name>JOINT_AC_HOLDER_2</name>
			<datatype>Name</datatype>
			<iotype>o</iotype>
			<grouptype>default</grouptype>
		</form-field>
		
		<form-field>
			<doc> This is the field name against which the Joint Account Holder3 will be associated.</doc>
			<audit-desc>Joint Account Holder Three</audit-desc>
			<name>JOINT_AC_HOLDER_3</name>
			<datatype>Name</datatype>
			<iotype>o</iotype>
			<grouptype>default</grouptype>
		</form-field>
		
		<form-field>
			<doc> This is the field name against which the Drawing Power will be associated.</doc>
			<audit-desc>Drawing Power</audit-desc>
			<name>DRAWING_POWER</name>
			<datatype>FEBAAmount</datatype>
			<iotype>o</iotype>
			<grouptype>default</grouptype>
		</form-field>
		
		<form-field>
			<doc> This is the field name against which Account balance will be associated.</doc>
			<audit-desc>Account Balance</audit-desc>
			<name>ACCOUNT_BAL</name>
			<datatype>FEBAAmount</datatype>
			<iotype>o</iotype>
			<grouptype>default</grouptype>
		</form-field>
		
		<form-field>
			<doc> This is the field name against which the Ledger Balance  will be associated.</doc>
			<audit-desc>Ledger Balance</audit-desc>
			<name>LEDGER_BAL</name>
			<datatype>FEBAAmount</datatype>
			<iotype>o</iotype>
			<grouptype>default</grouptype>
		</form-field>
		
		<form-field>
			<doc> This is the field name against which the Available balance will be associated.</doc>
			<audit-desc>Available Balance</audit-desc>
			<name>AVAILABLE_BAL</name>
			<datatype>FEBAAmount</datatype>
			<iotype>o</iotype>
			<grouptype>default</grouptype>
		</form-field>
		
		<form-field>
			<doc> This is the field name against which the Float balance will be associated.</doc>
			<audit-desc>Float Balance</audit-desc>
			<name>FLOAT_BAL</name>
			<datatype>FEBAAmount</datatype>
			<iotype>o</iotype>
			<grouptype>default</grouptype>
		</form-field>
		
		<form-field>
			<doc> This is the field name against which the Effective balance will be associated.</doc>
			<audit-desc>Effective Balance</audit-desc>
			<name>EFFECTIVE_BAL</name>
			<datatype>FEBAAmount</datatype>
			<iotype>o</iotype>
			<grouptype>default</grouptype>
		</form-field>
		
		<form-field>
			<doc> This is the field name against which the Lien balance  will be associated.</doc>
			<audit-desc>Lien balance</audit-desc>
			<name>LIEN_BAL</name>
			<datatype>FEBAAmount</datatype>
			<iotype>o</iotype>
			<grouptype>default</grouptype>
		</form-field>
		
		<form-field>
			<doc> This is the field name against which the Unclear Balance will be associated.</doc>
			<audit-desc>Unclear Balance</audit-desc>
			<name>UNCLEAR_BAL</name>
			<datatype>FEBAAmount</datatype>
			<iotype>o</iotype>
			<grouptype>default</grouptype>
		</form-field>
		
		<form-field>
			<doc> This is the field name against which the Other Balance will be associated.</doc>
			<audit-desc>Other Balance</audit-desc>
			<name>OTHER_BAL</name>
			<datatype>FEBAAmount</datatype>
			<iotype>o</iotype>
			<grouptype>default</grouptype>
		</form-field>
		
		<form-field>
			<doc> This is the field name against which the MainAccountTypeER will be associated.</doc>
			<audit-desc>Main Account Type</audit-desc>
			<name>MAIN_ACCOUNT_TYPE</name>
			<datatype>MainAccountType</datatype>
			<iotype>o</iotype>
			<grouptype>default</grouptype>
		</form-field>
	<form-field type="basic">
			<doc>
				This is the field name against which Currency code will
				be associated.
			</doc>
			<audit-desc>Currency Code Description for the selected Account</audit-desc>
			<name>CRN_CODE_DESC</name>
			<datatype>FEBAUnboundString</datatype>
			<grouptype>CodeDescription</grouptype>
		</form-field>
		<form-field type="basic">
			<doc>
				This is the field name against which account type will
				be associated.
			</doc>
			<audit-desc>Account Type Description of the selected Account</audit-desc>
			<name>ACCOUNT_TYPE_DESC</name>
			<datatype>FEBAUnboundString</datatype>
			<iotype>io</iotype>
			<grouptype>CodeDescription</grouptype>
		</form-field>
		<form-field type="basic">
			<doc>
				This is the field name against which account type will
				be associated.
			</doc>
			<audit-desc>Account Catagory description of the selected Account</audit-desc>
			<name>ACCOUNT_CAT_DESC</name>
			<datatype>FEBAUnboundString</datatype>
			<iotype>io</iotype>
			<grouptype>CodeDescription</grouptype>
		</form-field>
			<form-field type="basic">
			<doc>
				This is the field name against which account type will
				be associated.
			</doc>
			<audit-desc>Account Status Description of the selected Account</audit-desc>
			<name>ACCOUNT_STATUS_DESC</name>
			<datatype>FEBAUnboundString</datatype>
			<iotype>io</iotype>
			<grouptype>CodeDescription</grouptype>
		</form-field>
	</form-data>
	
	<mappings>
		<mapping type="VO" id="opActDetailsMapping" datatype="OpAccountDetailsVO">
			<doc> Here we are mapping the form fields to a value object.</doc>
			<field-mappings>
				<field-mapping form-field="BRANCH_DESC" vo-field="branchDescription" />
				<field-mapping form-field="CUST_ID" vo-field="commonAccountDetails.customerIDER.customerID" />
				<field-mapping form-field="ACCOUNT_ID" vo-field="commonAccountDetails.accountIDER.accountID" />
				<field-mapping form-field="ACCOUNT_TYPE" vo-field="commonAccountDetails.accountTypeER.accountType" />
				<field-mapping form-field="ACCOUNT_NAME" vo-field="commonAccountDetails.accountName" />
				<field-mapping form-field="ACCOUNT_CAT" vo-field="accountCategory" />
				<field-mapping form-field="ACCOUNT_STATUS" vo-field="commonAccountDetails.accountStatus" />
				<field-mapping form-field="CRN_CODE" vo-field="commonAccountDetails.currencyCodeER.code" />
				<field-mapping form-field="ACCOUNT_NIC_NAME" vo-field="commonAccountDetails.accountNickNameER.accountNickName" />
				<field-mapping form-field="ACCOUNT_BAL" vo-field="commonAccountDetails.accountBalance" />
				<field-mapping form-field="IS_PRIMARY_ACCOUNT" vo-field="isPrimaryAccountHolder" />
				<field-mapping form-field="SANCTION_LIMIT" vo-field="sanctionLimit"/>
				<field-mapping form-field="ACCRUED_INTEREST" vo-field="accruedInterest"/>
				<field-mapping form-field="CUST_NAME" vo-field="commonAccountDetails.customerIDER.customerName"/>
				<field-mapping form-field="AC_OPN_DT" vo-field="accountOpenDate" />
				<field-mapping form-field="MODE_OF_OPERATION" vo-field="modeOfOperation" />
				<field-mapping form-field="JOINT_AC_HOLDER_1" vo-field="jointHolderName1" />
				<field-mapping form-field="JOINT_AC_HOLDER_2" vo-field="jointHolderName2" />
				<field-mapping form-field="JOINT_AC_HOLDER_3" vo-field="jointHolderName3" />
				<field-mapping form-field="DRAWING_POWER" vo-field="drawingPower" />
				<field-mapping form-field="AVAILABLE_BAL" vo-field="availableBalance" />
				<field-mapping form-field="FLOAT_BAL" vo-field="floatBalance" />
				<field-mapping form-field="EFFECTIVE_BAL" vo-field="effectiveAvailableBalance" />
				<field-mapping form-field="LIEN_BAL" vo-field="lienBalance" />
				<field-mapping form-field="UNCLEAR_BAL" vo-field="unclearBalance" />
				<field-mapping form-field="LEDGER_BAL" vo-field="ledgerBalance" />
				<field-mapping form-field="OTHER_BAL" vo-field="otherBalance"/>
				<field-mapping form-field="MAIN_ACCOUNT_TYPE" vo-field="commonAccountDetails.mainAccountTypeER.mainAccountType" />
			</field-mappings>
		</mapping>
	</mappings>

	<events>
	 <event name="LOAD">
			<doc>Load method will be dummy in this case since it's not a service request FG</doc>
			<audit-desc>Load event of  the Operative Account Details Service</audit-desc>
			<event-handling-block>
					<step>FGI::SetViewId("ViewTransactionDetails_xml")</step>
			</event-handling-block>
	</event>
		<event name="PROCESS">
			<doc>This Event invokes the service to get details of the specific operative account selected by the user.</doc>
			<audit-desc>Invoke the Operative Account Details Service Process method</audit-desc>
			<event-handling-block>
					<step>FGI::PopulateVO(opActObj,"opActDetailsMapping")</step> 
			    	<step>FGI::InvokeService(opActObj,"OpAccountDetailsService","fetch");</step>
					<step>FGI::RefreshFromVO(opActObj,"opActDetailsMapping");</step>   
					<step>FGI::GetAppData("GET_VALUE",CRN_CODE_DESC,"CommonCodeCache","CODE_TYPE=CRN","|","CM_CODE=",CRN_CODE);</step>
					<step>FGI::GetAppData("GET_VALUE",ACCOUNT_TYPE_DESC,"CommonCodeCache","CODE_TYPE=ACT","|","CM_CODE=",ACCOUNT_TYPE);</step>
					<step>FGI::GetAppData("GET_VALUE",ACCOUNT_CAT_DESC,"CommonCodeCache","CODE_TYPE=CTG","|","CM_CODE=",ACCOUNT_CAT);</step>
					<step>FGI::GetAppData("GET_VALUE",ACCOUNT_STATUS_DESC,"CommonCodeCache","CODE_TYPE=ASD","|","CM_CODE=",ACCOUNT_STATUS);</step>
			</event-handling-block>
		</event>
	</events>		
</formsgroup>
