<?xml version="1.0"?>
<?xml-stylesheet type="text/xsl" href="FormsGroup.xsl"?>
<formsgroup xmlns:xsi="http://www.w3.org/2001/XMLSchema-instance"
	xmlns="http://www.infosys.com/ebanking/formsgroup">
	<id>RegisterStandardPayeeSFG</id>
	<module-id>txnss</module-id>
	<table-accessed></table-accessed>
	<doc>This FormsGroup is used to expose the list of Standard Billers using Service Exposure</doc>
	<audit-desc>Billers List FormsGroup</audit-desc>
	<form-data>
			
		<form-field type="basic">
			<doc>Holds user selected Txn Id for edit</doc>
			<audit-desc>Selected Transaction ID</audit-desc>
			<name>CUSTOMIZED_FLD_BILLER_NAME</name>
			<datatype>PayeeName</datatype>
			<iotype>o</iotype>
		</form-field>	
	</form-data>
	<mappings>
		<mapping type="VO" id="SelectedBillerMapping_CUSTOM" datatype="BillerRegistrationDetailsVO" >
		<doc>To map the entered registration details form fields to BillerRegistrationDetailsVO</doc>
		<field-mappings>
			<field-mapping form-field="CUSTOMIZED_FLD_BILLER_NAME" 	vo-field="billerBasicDetails.counterPartyER.name" />
		</field-mappings>
		</mapping>
	</mappings> 
</formsgroup>