<HIFConfig>
	<implementationConfigList>
		<implementationConfig>
			<messageConfigList>
			<messageConfig messageName="ExchangeRateMessage">
					<offlineHandlerImpl>com.infosys.ebanking.core.hif.offlinehandler.ExchangeRateOfflineHandler</offlineHandlerImpl>
				</messageConfig>
				<messageConfig messageName="MailListFetchMessage">
					<offlineHandlerImpl>com.infosys.ebanking.mails.hif.offlinehandler.MailListFetchOfflineHandler</offlineHandlerImpl>
				</messageConfig>
			
				<messageConfig messageName="MailViewMessage">
					<offlineHandlerImpl>com.infosys.ebanking.mails.hif.offlinehandler.MailViewOfflineHandler</offlineHandlerImpl>
				</messageConfig>

				<messageConfig messageName="MailDeleteMessage">
					<offlineHandlerImpl>com.infosys.ebanking.mails.hif.offlinehandler.MailDeleteOfflineHandler</offlineHandlerImpl>
				</messageConfig>

				<messageConfig messageName="MailMoveMessage">
					<offlineHandlerImpl>com.infosys.ebanking.mails.hif.offlinehandler.MailMoveOfflineHandler</offlineHandlerImpl>
				</messageConfig>

				<messageConfig messageName="MailEmptyFolderMessage">
					<offlineHandlerImpl>com.infosys.ebanking.mails.hif.offlinehandler.MailEmptyFolderOfflineHandler</offlineHandlerImpl>
				</messageConfig>

				<messageConfig messageName="MailSendMessage">
					<offlineHandlerImpl>com.infosys.ebanking.mails.hif.offlinehandler.MailSendOfflineHandler</offlineHandlerImpl>
				</messageConfig>


				<messageConfig messageName="MailSendBroadcastMessage">
					<offlineHandlerImpl>com.infosys.ebanking.mails.hif.offlinehandler.MailSendBroadcastOfflineHandler</offlineHandlerImpl>
				</messageConfig>

				<messageConfig messageName="CorporateListFetchMessage">
					<offlineHandlerImpl>com.infosys.ebanking.user.hif.offlinehandler.CorporateListFetchOfflineHandler</offlineHandlerImpl>
				</messageConfig>

				<messageConfig messageName="UserListFetchMessage">
					<offlineHandlerImpl>com.infosys.ebanking.user.hif.offlinehandler.UserListFetchOfflineHandler</offlineHandlerImpl>
				</messageConfig>

				<messageConfig messageName="RolesListFetchMessage">
					<offlineHandlerImpl>com.infosys.ebanking.user.hif.offlinehandler.RolesListFetchOfflineHandler</offlineHandlerImpl>
				</messageConfig>

				<messageConfig messageName="MailCountForFolderMessage">
					<offlineHandlerImpl>com.infosys.ebanking.mails.hif.offlinehandler.MailCountForFolderOfflineHandler</offlineHandlerImpl>
				</messageConfig>

				<messageConfig messageName="MailGetLangIDMessage">
					<offlineHandlerImpl>com.infosys.ebanking.mails.hif.offlinehandler.MailGetLangIDOfflineHandler</offlineHandlerImpl>
				</messageConfig>

				<messageConfig messageName="OtherBankAccountsMessage">
					<offlineHandlerImpl>com.infosys.ebanking.hif.common.offlinehandler.AccountsListOfflineHandler</offlineHandlerImpl>
				</messageConfig>								
				
				<messageConfig messageName="CustomerListMessage">
					<offlineHandlerImpl>com.infosys.ebanking.hif.common.offlinehandler.CustomerListOfflineHandler</offlineHandlerImpl>
				</messageConfig> 
				
				<messageConfig messageName="FileDownloadDetailsMessage">
					<offlineHandlerImpl>com.infosys.ebanking.filedownload.hif.offline.FileDownloadOfflineImpl</offlineHandlerImpl>
				</messageConfig>
					
				<messageConfig messageName="TaxDeductionDetailsMessage">
					<hostMessageConfigList>
						<hostMessageConfig hostName="BC" routeName="ISO8583">
							<messageTransformer>TaxDeductionDetailsTransformer</messageTransformer>
						</hostMessageConfig>
					</hostMessageConfigList>
				</messageConfig>
				
				<messageConfig messageName="LinkedFFDAccountsMessage">
				 <hostMessageConfigList>
						<hostMessageConfig hostName="BC" routeName="ISO8583">
							<messageTransformer>LinkedFFDAccountsTransformer</messageTransformer>
						</hostMessageConfig>
					</hostMessageConfigList>
					<offlineHandlerImpl>com.infosys.ebanking.accounts.hif.offlinehandler.LinkedFFDAccountsOfflineHandler</offlineHandlerImpl>
				</messageConfig>
				
				<messageConfig messageName="AccountNomineeDetailsMessage">
				 	<hostMessageConfigList>
						<hostMessageConfig hostName="BC" routeName="ISO8583">
							<messageTransformer>AccountNomineeDetailsTransformer</messageTransformer>
						</hostMessageConfig>
					</hostMessageConfigList>  
					 <offlineHandlerImpl>com.infosys.ebanking.accounts.hif.offlinehandler.AccountNomineeOfflineHandler</offlineHandlerImpl>
				</messageConfig>
				
				
				<messageConfig messageName="DpBalanceDetailsMessage">
					<hostMessageConfigList>
						<hostMessageConfig hostName="BC" routeName="ISO8583">
							<messageTransformer>DpBalanceDetailsTransformer</messageTransformer>
						</hostMessageConfig>
					</hostMessageConfigList>
				</messageConfig>
				
				<messageConfig messageName="DpFlowDetailsMessage">
					<hostMessageConfigList>
						<hostMessageConfig hostName="BC" routeName="ISO8583">
							<messageTransformer>DpFlowDetailsTransformer</messageTransformer>
						</hostMessageConfig>
					</hostMessageConfigList>
				</messageConfig>
				
				<messageConfig messageName="LienInquiryListMessage">
					<hostMessageConfigList>
						<hostMessageConfig hostName="BC" routeName="ISO8583">
							<messageTransformer>LienInquiryListTransformer</messageTransformer>
						</hostMessageConfig>
					</hostMessageConfigList>
				</messageConfig>
				
				<messageConfig messageName="ChequeBookServiceFetchListMessage">
					<hostMessageConfigList>
						<hostMessageConfig hostName="BC" routeName="ISO8583">
							<messageTransformer>ChequeBookServiceFetchListTransformer</messageTransformer>
						</hostMessageConfig>
					</hostMessageConfigList>
				</messageConfig>

				<messageConfig messageName="ChequeListServiceFetchStatusMessage">
					<hostMessageConfigList>
						<hostMessageConfig hostName="BC" routeName="ISO8583">
							<messageTransformer>ChequeListServiceFetchStatusTransformer</messageTransformer>
						</hostMessageConfig>
					</hostMessageConfigList>
				</messageConfig>

				<messageConfig messageName="InstrumentMessage">
					<hostMessageConfigList>
						<hostMessageConfig hostName="BC" routeName="ISO8583">		
							<messageTransformer>InstrumentTransformer</messageTransformer>
						</hostMessageConfig>
					</hostMessageConfigList>
					<offlineHandlerImpl>com.infosys.ebanking.accounts.hif.offlinehandler.InstrumentOfflineHandler</offlineHandlerImpl>
				</messageConfig>

				<messageConfig messageName="TempOverdraftListServiceFetchMessage">
					<hostMessageConfigList>
						<hostMessageConfig hostName="BC" routeName="ISO8583">
							<messageTransformer>TempOverdraftTransformer</messageTransformer>
						</hostMessageConfig>
					</hostMessageConfigList>
				</messageConfig>

				<messageConfig messageName="SecurityDetailsListServiceFetchMessage">					
					<hostMessageConfigList>
						<hostMessageConfig hostName="BC" routeName="ISO8583">
							<messageTransformer>SecurityDetailsTransformer</messageTransformer>
						</hostMessageConfig>
					</hostMessageConfigList>
					<offlineHandlerImpl>com.infosys.ebanking.accounts.hif.offlinehandler.SecurityDetailsOfflineHandler</offlineHandlerImpl> 			
				</messageConfig>
				
				<messageConfig messageName="OpBalanceDetailsMessage">
					<hostMessageConfigList>
						<hostMessageConfig hostName="BC" routeName="ISO8583">
							<messageTransformer>OpBalanceDetailsTransformer</messageTransformer>
						</hostMessageConfig>
					</hostMessageConfigList>
					<offlineHandlerImpl>com.infosys.ebanking.accounts.hif.offlinehandler.OpBalanceDetailsOfflineHandler</offlineHandlerImpl> 
				</messageConfig>
				
                 <messageConfig messageName="OpTransactionDetailsMessage">
					<hostMessageConfigList>
						<hostMessageConfig hostName="BC" routeName="ISO8583">
							<messageTransformer>OpTransactionDetailsTransformer</messageTransformer>
						</hostMessageConfig>
					</hostMessageConfigList>
					<offlineHandlerImpl>com.infosys.ebanking.accounts.hif.offlinehandler.OpTransactionDetailsOfflineHandler</offlineHandlerImpl> 
				</messageConfig>				

				<messageConfig messageName="LnAccountDisbDetailsMessage">
					<hostMessageConfigList>
						<hostMessageConfig hostName="BC" routeName="ISO8583">
							<messageTransformer>LnAccountDisbDetailsTransformer</messageTransformer>
						</hostMessageConfig>
					</hostMessageConfigList>
				</messageConfig>
				
				<messageConfig messageName="LnAccountDisbScheduleMessage">
					<hostMessageConfigList>
						<hostMessageConfig hostName="BC" routeName="ISO8583">
							<messageTransformer>LnAccountDisbScheduleTransformer</messageTransformer>
						</hostMessageConfig>
					</hostMessageConfigList>
				</messageConfig>
				
				<messageConfig messageName="LnAccountPymntScheduleMessage">
					 <hostMessageConfigList>
						<hostMessageConfig hostName="BC" routeName="ISO8583">
							<messageTransformer>LnAccountPymntScheduleTransformer</messageTransformer>
						</hostMessageConfig>
					</hostMessageConfigList>
					<offlineHandlerImpl>com.infosys.ebanking.accounts.hif.offlinehandler.LnAccountPymntScheduleOfflineHandler</offlineHandlerImpl>
				</messageConfig>
				
				<messageConfig messageName="LnAccountDetailsMessage">
					 <hostMessageConfigList>
						<hostMessageConfig hostName="BC" routeName="ISO8583">
							<messageTransformer>LnAccountRpymntDetailsTransformer</messageTransformer>
						</hostMessageConfig>
					</hostMessageConfigList>
					<offlineHandlerImpl>com.infosys.ebanking.accounts.hif.offlinehandler.LnAccountPymntDetailsOfflineHandler</offlineHandlerImpl>
				</messageConfig>
				
				<messageConfig messageName="LnAccountDmdListMessage">
					 <hostMessageConfigList>
						<hostMessageConfig hostName="BC" routeName="ISO8583">
							<messageTransformer>LnAccountDemandsListTransformer</messageTransformer>
						</hostMessageConfig>
					</hostMessageConfigList>
					<offlineHandlerImpl>com.infosys.ebanking.accounts.hif.offlinehandler.LnAccountDmdListOfflineHandler</offlineHandlerImpl>
				</messageConfig>
				
				<messageConfig messageName="ExecuteFinacleScriptMessage0" >
					<hostMessageConfigList>
						<hostMessageConfig hostName="FI" routeName="XML/HTTP">
							<messageTransformer>GetLoanAmortizationLists_103_Transformer</messageTransformer>
						</hostMessageConfig>
					</hostMessageConfigList>
				</messageConfig>
								
				<messageConfig messageName="calculateAmortShdl2" >
					<hostMessageConfigList>
						<hostMessageConfig hostName="FI" routeName="XML/HTTP">
							<messageTransformer>CalculateAmortShdl_103_Transformer</messageTransformer>
						</hostMessageConfig>
					</hostMessageConfigList>
				</messageConfig>
								
				<messageConfig messageName="fetchLoanRescheduleDetails1" >
					<hostMessageConfigList>
						<hostMessageConfig hostName="FI" routeName="XML/HTTP">
							<messageTransformer>FetchLoanRescheduleDetails_103_Transformer</messageTransformer>
						</hostMessageConfig>
				</hostMessageConfigList>
				</messageConfig>
				
				
				<messageConfig messageName="TransactionHistoryServiceFetchMessage"><hostMessageConfigList>
				                  <hostMessageConfig hostName="FI" routeName="XML/HTTP">
				                        <messageTransformer>TransactionHistory_103_Transformer</messageTransformer>
				                  </hostMessageConfig>
				            </hostMessageConfigList>
				            <offlineHandlerImpl>com.infosys.ebanking.accounts.hif.offlinehandler.TransactionHistoryOfflineHandler</offlineHandlerImpl>
				</messageConfig>
				
				<messageConfig messageName="OpTransactionHistoryServiceFetchMessage"><hostMessageConfigList>
				         <hostMessageConfig hostName="FI" routeName="XML/HTTP">
				                       <messageTransformer>OpTransactionHistory_103_Transformer</messageTransformer>
				                  </hostMessageConfig>
				            </hostMessageConfigList>
				            <offlineHandlerImpl>com.infosys.ebanking.accounts.hif.offlinehandler.OpTransactionHistoryOfflineHandler</offlineHandlerImpl>
				</messageConfig>
				
				
				<messageConfig messageName="AccountSummaryMessage">
					<hostMessageConfigList>
						<hostMessageConfig hostName="BC" routeName="ISO8583">
							<messageTransformer>AccountSummary_103_Transformer</messageTransformer>
						</hostMessageConfig>
					</hostMessageConfigList>
					<offlineHandlerImpl>com.infosys.ebanking.accounts.hif.offlinehandler.AccountSummaryOfflineHandler</offlineHandlerImpl>
				</messageConfig>
				
				<messageConfig messageName="DpAccountDetailsMessage">
					<hostMessageConfigList>
						<hostMessageConfig hostName="BC" routeName="ISO8583">
							<messageTransformer>DpAccountDetailsTransformer</messageTransformer>
						</hostMessageConfig>
					</hostMessageConfigList>
					<offlineHandlerImpl>com.infosys.ebanking.accounts.hif.offlinehandler.DpAccountDetailsOfflineHandler</offlineHandlerImpl>
				</messageConfig>
								
				<messageConfig messageName="DpRenewalDetailsMessage">
					<hostMessageConfigList>
						<hostMessageConfig hostName="BC" routeName="ISO8583">
							<messageTransformer>DpRenewalDetailsTransformer</messageTransformer>
						</hostMessageConfig>
					</hostMessageConfigList>
					<offlineHandlerImpl>com.infosys.ebanking.accounts.hif.offlinehandler.DpRenewalDetailsOfflineHandler</offlineHandlerImpl>
				</messageConfig>
				
				<messageConfig messageName="LnAcctDetailsMessage">
					<hostMessageConfigList>
						<hostMessageConfig hostName="BC" routeName="ISO8583">
							<messageTransformer>LnAccountDetailsTransformer</messageTransformer>
						</hostMessageConfig>
					</hostMessageConfigList>
					<offlineHandlerImpl>com.infosys.ebanking.accounts.hif.offlinehandler.LnAccountDetailsOfflineHandler</offlineHandlerImpl>
				</messageConfig>
				
				<messageConfig messageName="LnRepayDemandsMessage">
					<hostMessageConfigList>
						<hostMessageConfig hostName="BC" routeName="ISO8583">
							<messageTransformer>LnRepayDemandsTransformer</messageTransformer>
						</hostMessageConfig>
					</hostMessageConfigList>
					<offlineHandlerImpl>com.infosys.ebanking.accounts.hif.offlinehandler.LnRepayDemandsOfflineHandler</offlineHandlerImpl>
				</messageConfig>
				
				<messageConfig messageName="OpAccountDetailsMessage">
					<hostMessageConfigList>
						<hostMessageConfig hostName="BC" routeName="ISO8583">
							<messageTransformer>OpAccountDetailsTransformer</messageTransformer>
						</hostMessageConfig>
					</hostMessageConfigList>
					<offlineHandlerImpl>com.infosys.ebanking.accounts.hif.offlinehandler.OpAccountDetailsOfflineHandler</offlineHandlerImpl> 			
				</messageConfig>
				
				<messageConfig messageName="MandateListMessage">
					<offlineHandlerImpl>com.infosys.ebanking.txnss.hif.offlinehandler.MandateListOfflineHandler</offlineHandlerImpl>
				</messageConfig>			

				<messageConfig messageName="BillerRegistrationDetailsMessage">
					<offlineHandlerImpl>com.infosys.ebanking.txnss.hif.offlinehandler.BillerListFetchOfflineHandler</offlineHandlerImpl>
				</messageConfig>

				<messageConfig messageName="BillerRegistrationListMessage">
					<offlineHandlerImpl>com.infosys.ebanking.txnss.hif.offlinehandler.BillerRegistrationListOfflineHandler</offlineHandlerImpl>
				</messageConfig>
				
				<messageConfig messageName="ViewHistoryListMessage">
					<offlineHandlerImpl>com.infosys.ebanking.transaction.hif.offlinehandler.ViewHistoryListFetchOfflineHandler</offlineHandlerImpl>
				</messageConfig>
				<messageConfig messageName="CompletedTxnHistoryMessage">
					<offlineHandlerImpl>com.infosys.ebanking.transaction.hif.offlinehandler.CompletedTxnHistoryListOfflineHandler</offlineHandlerImpl>
				</messageConfig>
				<messageConfig messageName="ApprovalQueueListMessage">
									<offlineHandlerImpl>com.infosys.ebanking.transaction.hif.offlinehandler.ApprovalListFetchOfflineHandler</offlineHandlerImpl>
				</messageConfig>
				<messageConfig messageName="IncompleteTransactionListMessage">
					<offlineHandlerImpl>com.infosys.ebanking.transaction.hif.offlinehandler.IncompleteTransactionListOfflineHandler</offlineHandlerImpl>
				</messageConfig>
				<messageConfig messageName="AllTransactionListMessage">
		                        <offlineHandlerImpl>com.infosys.ebanking.transaction.hif.offlinehandler.AllTransactionListOfflineHandler</offlineHandlerImpl>
				</messageConfig>
				<messageConfig messageName="TransactionEntriesListMessage">
		                        <offlineHandlerImpl>com.infosys.ebanking.transaction.hif.offlinehandler.TransactionEntriesListOfflineHandler</offlineHandlerImpl>
				</messageConfig>
				<messageConfig messageName="ScheduledTransactionListMessage">
		                        <offlineHandlerImpl>com.infosys.ebanking.transaction.hif.offlinehandler.ScheduledTransactionListOfflineHandler</offlineHandlerImpl>
				</messageConfig>                         
				<messageConfig messageName="CompletedTransactionListMessage">
		                        <offlineHandlerImpl>com.infosys.ebanking.transaction.hif.offlinehandler.CompletedTransactionListOfflineHandler</offlineHandlerImpl>
				</messageConfig>
				
                                <messageConfig messageName="PastInstancesListMessage">
					<offlineHandlerImpl>com.infosys.ebanking.transaction.hif.offlinehandler.PastInstancesListOfflineHandler</offlineHandlerImpl>
				</messageConfig>
				<messageConfig messageName="CounterPartyAccountDetailsMessage">
					<hostMessageConfigList>
						<hostMessageConfig hostName="BC" routeName="ISO8583">
							<messageTransformer>CounterPartyAccountDetailsTransformer</messageTransformer>
						</hostMessageConfig>
					</hostMessageConfigList>
					<offlineHandlerImpl></offlineHandlerImpl> 			
				</messageConfig>
				<messageConfig messageName="CounterPartyHomeAccountDetailsMessage">
					<hostMessageConfigList>
						<hostMessageConfig hostName="BC" routeName="ISO8583">
							<messageTransformer>CounterPartyHomeAccountDetailsTransformer</messageTransformer>
						</hostMessageConfig>
					</hostMessageConfigList>
					<offlineHandlerImpl></offlineHandlerImpl> 			
				</messageConfig>
                <messageConfig messageName="OfflineTransactionMessage">
					<offlineHandlerImpl>com.infosys.ebanking.transaction.hif.offlinehandler.OfflineTransactionHandler</offlineHandlerImpl>
				</messageConfig>
				<messageConfig messageName="ViewCounterPartyListMessage">
					<offlineHandlerImpl>com.infosys.ebanking.txnss.hif.offlinehandler.CounterPartyListServiceFetchOfflineHandler</offlineHandlerImpl>
				</messageConfig>

				<!--  Added for online payments by Rakesh -->
					<messageConfig messageName="FetchTranExchangeRateMessage">
					<offlineHandlerImpl>com.infosys.ebanking.transaction.hif.offlinehandler.TranExchangeRateOfflineHandler</offlineHandlerImpl>
				</messageConfig>
				
				<messageConfig messageName="FetchBeneficiaryDetailsMessage">
					<offlineHandlerImpl>com.infosys.ebanking.transaction.hif.offlinehandler.BeneficiaryDetailsOfflineHandler</offlineHandlerImpl>
				</messageConfig>
				
				<messageConfig messageName="PROCESSPAYMENTSMESSAGE">
					<hostMessageConfigList>
						<hostMessageConfig hostName="BC" routeName="ISO8583">
							<messageTransformer>PaymentsTransformer</messageTransformer>
						</hostMessageConfig>
					</hostMessageConfigList>			
				</messageConfig>				

				<messageConfig messageName="PROCESSFUNDSTRANSFERMESSAGE">
					<hostMessageConfigList>
						<hostMessageConfig hostName="BC" routeName="ISO8583">
							<messageTransformer>FundsTransferTransformer</messageTransformer>
						</hostMessageConfig>
					</hostMessageConfigList>			
				</messageConfig>	
				
				<messageConfig messageName="RepostFundsTransferMessage">
					<hostMessageConfigList>
						<hostMessageConfig hostName="BC" routeName="ISO8583">
							<messageTransformer>FundsTransferRepostTransformer</messageTransformer>
						</hostMessageConfig>
					</hostMessageConfigList>			
				</messageConfig>				

				<messageConfig messageName="RepostPaymentsMessage">
					<hostMessageConfigList>
						<hostMessageConfig hostName="BC" routeName="ISO8583">
							<messageTransformer>PaymentsRepostTransformer</messageTransformer>
						</hostMessageConfig>
					</hostMessageConfigList>			
				</messageConfig>		
				
				<messageConfig messageName="ReverseFundsTransferMessage">
					<hostMessageConfigList>
						<hostMessageConfig hostName="BC" routeName="ISO8583">
							<messageTransformer>FundsTransferReversalTransformer</messageTransformer>
						</hostMessageConfig>
					</hostMessageConfigList>			
				</messageConfig>				

				<messageConfig messageName="ReversePaymentsMessage">
					<hostMessageConfigList>
						<hostMessageConfig hostName="BC" routeName="ISO8583">
							<messageTransformer>PaymentsReversalTransformer</messageTransformer>
						</hostMessageConfig>
					</hostMessageConfigList>			
				</messageConfig>		
				
				<!-- Added by Sowmya for Cust id Lookup -->				
				<messageConfig messageName="CustIdDetailsListMessage">
					<offlineHandlerImpl>com.infosys.ebanking.transaction.hif.offlinehandler.CustIdDetailsOfflineHandler</offlineHandlerImpl>
				</messageConfig>
				
				
				<messageConfig messageName="SpecialOffersServiceFetchMessage">
									<offlineHandlerImpl>com.infosys.ebanking.general.offers.hif.offlinehandler.SpecialOffersOfflineHandler</offlineHandlerImpl>
				</messageConfig> 

				
				<messageConfig messageName="OpAccountDetailsStandardMessage">
					<hostMessageConfigList>
						<hostMessageConfig hostName="BC" routeName="ISO8583">
							<messageTransformer>OpAccountDetailsStandardTransformer</messageTransformer>
						</hostMessageConfig>
					</hostMessageConfigList>
					<offlineHandlerImpl>com.infosys.ebanking.accounts.hif.offlinehandler.OpAccountDetailsOfflineHandler</offlineHandlerImpl>			
				</messageConfig>
				
				<messageConfig messageName="AccountsListMessage">
					<hostMessageConfigList>
						<hostMessageConfig hostName="FI" routeName="XML/HTTP">
							<messageTransformer>AccountsList_103_Transformer</messageTransformer>
						</hostMessageConfig>
					</hostMessageConfigList>
					<offlineHandlerImpl>com.infosys.ebanking.hif.common.offlinehandler.AccountsListOfflineHandler</offlineHandlerImpl>
				</messageConfig>
				

				<messageConfig messageName="CCSummaryMessage">
						<offlineHandlerImpl>com.infosys.ebanking.accounts.hif.offlinehandler.CCSummaryOfflineHandler</offlineHandlerImpl>
				</messageConfig> 
								
				<messageConfig messageName="CCDetailsMessage">
						<offlineHandlerImpl>com.infosys.ebanking.accounts.hif.offlinehandler.CCDetailsOfflineHandler</offlineHandlerImpl>
				</messageConfig>
				
				<messageConfig messageName="OBAccountSummaryMessage">
					<offlineHandlerImpl>com.infosys.ebanking.accounts.hif.offlinehandler.OBAccountSummaryOfflineHandler</offlineHandlerImpl>
				</messageConfig>
				<messageConfig messageName="OBAccountDetailsServiceFetchMessage">
					<offlineHandlerImpl>com.infosys.ebanking.accounts.hif.offlinehandler.OBAccountDetailsOfflineHandler</offlineHandlerImpl>
				</messageConfig>
				
				<messageConfig messageName="OBStatementService">
					<offlineHandlerImpl>com.infosys.ebanking.accounts.hif.offlinehandler.OBStatementDetailsOfflineHandler</offlineHandlerImpl>
			</messageConfig>
			<messageConfig messageName="OBTransactionHistoryMessage">
					<offlineHandlerImpl>com.infosys.ebanking.accounts.hif.offlinehandler.OBTransactionHistroyOfflineHandler</offlineHandlerImpl>
			</messageConfig>
				
				<messageConfig messageName="CCTXNHistoryMessage">
					<offlineHandlerImpl>com.infosys.ebanking.accounts.hif.offlinehandler.CCTXNHistoryOfflineHandler</offlineHandlerImpl>
				</messageConfig>
				
				
				<messageConfig messageName="CCStatementServiceFetchPreviousStatementMessage">
					<offlineHandlerImpl>com.infosys.ebanking.accounts.hif.offlinehandler.CCStatementServiceFetchPastStatementOfflinehandler</offlineHandlerImpl>
				</messageConfig>

			<messageConfig messageName="DpPreClosureSimulationServiceFetchMessage">
				<hostMessageConfigList>
					<hostMessageConfig hostName="FI" routeName="XML/HTTP">
						<messageTransformer>DpPreClosureSimulationServiceFetch_103_Transformer</messageTransformer>
					</hostMessageConfig>
				</hostMessageConfigList>					
			</messageConfig>
				
			<messageConfig messageName="LnPreClosureSimulationServiceFetchMessage">
				<hostMessageConfigList>
					<hostMessageConfig hostName="FI" routeName="XML/HTTP">
						<messageTransformer>LnPreClosureSimulationServiceFetch_103_Transformer</messageTransformer>
					</hostMessageConfig>
				</hostMessageConfigList>					
			</messageConfig>
			
				<messageConfig messageName="CustomerDetailsFetchMessage">
				<hostMessageConfigList>
					<hostMessageConfig hostName="FI" routeName="XML/HTTP">
						<messageTransformer>CustomerDetails_103_Transformer</messageTransformer>
					</hostMessageConfig>
				</hostMessageConfigList>
				<offlineHandlerImpl>com.infosys.ebanking.user.hif.offlinehandler.UserDetailsFetchOfflineHandler</offlineHandlerImpl>
				</messageConfig>
				 
			
				
				<messageConfig messageName="FDBreakingMessage">
					<hostMessageConfigList>
						<hostMessageConfig hostName="FI" routeName="XML/HTTP">
							<messageTransformer>SRFDBreakingTransformer</messageTransformer>
						</hostMessageConfig>
					</hostMessageConfigList>
				</messageConfig>
				
				 <messageConfig messageName="FDOpeningMessage">
					<hostMessageConfigList>
						<hostMessageConfig hostName="FI" routeName="XML/HTTP">
							<messageTransformer>SRFDOpening_103_Transformer</messageTransformer>
						</hostMessageConfig>
					</hostMessageConfigList>
				</messageConfig>
				<messageConfig messageName="RegisterOtherBankMessage">
					<offlineHandlerImpl>com.infosys.ebanking.servicerequest.hif.offlinehandler.SRROBOfflineHandler</offlineHandlerImpl>
				</messageConfig>
				
				<messageConfig messageName="SRdeRegisterOtherBankMessage">
					<offlineHandlerImpl>com.infosys.ebanking.servicerequest.hif.offlinehandler.SRDeROBOfflineHandler</offlineHandlerImpl>
				</messageConfig>
				
				<messageConfig messageName="FDRenewalMessage">
					<hostMessageConfigList>
						<hostMessageConfig hostName="FI" routeName="XML/HTTP">
							<messageTransformer>SRFDRenewal_103_Transformer</messageTransformer>
						</hostMessageConfig>
					</hostMessageConfigList>
				</messageConfig>
				
				<messageConfig messageName="SRStopChequeMessage">
					<hostMessageConfigList>
						<hostMessageConfig hostName="BC" routeName="ISO8583">
							<messageTransformer>SRStopChequeDetailsTransformer</messageTransformer>
						</hostMessageConfig>
					</hostMessageConfigList>
				</messageConfig> 

				<messageConfig messageName="SRDoorStepBankingMessage">
					<hostMessageConfigList>
						<hostMessageConfig hostName="BC" routeName="ISO8583">
							<messageTransformer>SRDoorStepBankingTransformer</messageTransformer>
						</hostMessageConfig>
					</hostMessageConfigList>
				</messageConfig> 

				<messageConfig messageName="SRAccountStatementMessage">
					<hostMessageConfigList>
						<hostMessageConfig hostName="BC" routeName="ISO8583">
							<messageTransformer>SRAccountStatementTransformer</messageTransformer>
						</hostMessageConfig>
					</hostMessageConfigList>				
				</messageConfig>
				
				<!--<messageConfig messageName="SMAFetchAddressMessage">
					<hostMessageConfigList>
						<hostMessageConfig hostName="FI" routeName="XML/HTTP">
							<messageTransformer>SMAFetchAddressTransformer</messageTransformer>
						</hostMessageConfig>
					</hostMessageConfigList>
				</messageConfig>
				
				--><messageConfig messageName="SMAUpdateAddressMessage">
					<hostMessageConfigList>
						<hostMessageConfig hostName="FI" routeName="XML/HTTP">
							<messageTransformer>SMAUpdateAddress_103_Transformer</messageTransformer>
						</hostMessageConfig>
					</hostMessageConfigList>
				</messageConfig>

				<messageConfig messageName="SRFDOpeningMessage">
					<hostMessageConfigList>
						<hostMessageConfig hostName="FI" routeName="XML/HTTP">
							<messageTransformer>SRFDOpeningTransformer</messageTransformer>
						</hostMessageConfig>
					</hostMessageConfigList>				
				</messageConfig>
				
				<messageConfig messageName="NewRequestsMessage">
					<offlineHandlerImpl>com.infosys.ebanking.servicerequest.hif.offlinehandler.NewRequestsOfflineHandler</offlineHandlerImpl>
				</messageConfig>	
				<messageConfig messageName="CustomerDetailsUpdateMessage">
					<hostMessageConfigList>
						<hostMessageConfig hostName="FI" routeName="XML/HTTP">
							<messageTransformer>CustomerDetailsUpdate_103_Transformer</messageTransformer>
						</hostMessageConfig>
					</hostMessageConfigList>
					<offlineHandlerImpl></offlineHandlerImpl>
				</messageConfig>	
				
				
				<messageConfig messageName="AlertServerDeliveryRequestResponseMessage">
					<hostMessageConfigList>
						<hostMessageConfig hostName="FI_ALERT" routeName="XML/HTTP">
							<messageTransformer>AlertServerDeliveryTransformer</messageTransformer>
						</hostMessageConfig>
					</hostMessageConfigList> 
				</messageConfig>

				<!--<messageConfig messageName="SavingsBankAccountDetailsMessage">
					<hostMessageConfigList>
						<hostMessageConfig hostName="FI" routeName="XML/HTTP">
							<messageTransformer>SavingsAccountDetailsTransformer</messageTransformer>
						</hostMessageConfig>
					</hostMessageConfigList>
				</messageConfig>
				
				<messageConfig messageName="FetchSRStatusOnlineMessage">
					<hostMessageConfigList>
						<hostMessageConfig hostName="FI" routeName="XML/HTTP">
							<messageTransformer>FetchSRStatusOnlineTransformer</messageTransformer>
						</hostMessageConfig>
					</hostMessageConfigList>
				</messageConfig>
				
				<messageConfig messageName="SRAccountStatementMessage">
					<hostMessageConfigList>
						<hostMessageConfig hostName="FI" routeName="XML/HTTP">
							<messageTransformer>SubmitRequestOnlineTransformer</messageTransformer>
						</hostMessageConfig>
					</hostMessageConfigList>	
				</messageConfig>
				
				<messageConfig messageName="AllAccountDetailsMessage">
					<hostMessageConfigList>
						<hostMessageConfig hostName="FI" routeName="XML/HTTP">
							<messageTransformer>SRAccountsInquiryTransformer</messageTransformer>
						</hostMessageConfig>
					</hostMessageConfigList>			
				</messageConfig>
			 -->
			 <!-- Added by Sumeet_Madan for 10.3 -->
				<messageConfig messageName="SavingsBankAccountDetailsMessage">
					<hostMessageConfigList>
						<hostMessageConfig hostName="FI" routeName="XML/HTTP">
							<messageTransformer>SavingsAccountDetails_103_Transformer</messageTransformer>
						</hostMessageConfig>
					</hostMessageConfigList>
				</messageConfig>
				
				<messageConfig messageName="FetchSRStatusOnlineMessage">
					<hostMessageConfigList>
						<hostMessageConfig hostName="FI" routeName="XML/HTTP">
							<messageTransformer>FetchSRStatusOnline_103_Transformer</messageTransformer>
						</hostMessageConfig>
					</hostMessageConfigList>
				</messageConfig>
				
				<messageConfig messageName="SRAccountStatementMessage_CI">
					<hostMessageConfigList>
						<hostMessageConfig hostName="FI" routeName="XML/HTTP">
							<messageTransformer>SubmitRequestOnline_103_Transformer</messageTransformer>
						</hostMessageConfig>
					</hostMessageConfigList>	
				</messageConfig>
				
				<messageConfig messageName="AllAccountDetailsMessage">
					<hostMessageConfigList>
						<hostMessageConfig hostName="FI" routeName="XML/HTTP">
							<messageTransformer>SRAccountsInquiry_103_Transformer</messageTransformer>
						</hostMessageConfig>
					</hostMessageConfigList>			
				</messageConfig>
				
				<messageConfig messageName="SMAFetchAddressMessage">
					<hostMessageConfigList>
						<hostMessageConfig hostName="FI" routeName="XML/HTTP">
							<messageTransformer>SMAFetchAddress_103_Transformer</messageTransformer>
						</hostMessageConfig>
					</hostMessageConfigList>
				</messageConfig>
			 <!-- As part of online registration -->
	           <messageConfig messageName="ORInsertAppDetailsMessage">                       
					<offlineHandlerImpl>com.infosys.ebanking.onlinereg.hif.offlinehandler.InsertAppDetailsOfflineHandler</offlineHandlerImpl>
	           </messageConfig>
	           
	           <messageConfig messageName="ORFetchStatusDetailsMessage">                       
					<offlineHandlerImpl>com.infosys.ebanking.onlinereg.hif.offlinehandler.FetchStatusOfflineHandler</offlineHandlerImpl>
	           </messageConfig>
	           
	           <messageConfig messageName="ORCIFEnquiryMessage">
					<hostMessageConfigList>
						<hostMessageConfig hostName="FI" routeName="XML/HTTP">
							<messageTransformer>ORCIFEnquiryTransformer</messageTransformer>
						</hostMessageConfig>
					</hostMessageConfigList>
				</messageConfig>
				
				<!-- For Online Registration RM Approval - Meena-->
				<messageConfig messageName="ORFetchAppListMessage">
					<offlineHandlerImpl>com.infosys.ebanking.onlinereg.hif.offlinehandler.ORFetchAppListOfflineHandler</offlineHandlerImpl>
				</messageConfig>
				
				<messageConfig messageName="ORUpdateOnlineAppDetailsMessage">
					<offlineHandlerImpl>com.infosys.ebanking.onlinereg.hif.offlinehandler.ORUpdateAppDetailsOfflineHandler</offlineHandlerImpl>
				</messageConfig>
				
				<messageConfig messageName="LnAccountPenDmdMessage">
					<hostMessageConfigList>
						<hostMessageConfig hostName="FI" routeName="XML/HTTP">
							<messageTransformer>LnAccountPenDmdTransformer</messageTransformer>
						</hostMessageConfig>
					</hostMessageConfigList>
					<offlineHandlerImpl></offlineHandlerImpl>
				</messageConfig>
				
				<messageConfig messageName="ScheduleRLAPaymentMessage">
					<hostMessageConfigList>
						<hostMessageConfig hostName="FI" routeName="XML/HTTP">
							<messageTransformer>ScheduleRLAPayment_103_Transformer</messageTransformer>
						</hostMessageConfig>
					</hostMessageConfigList>
					<offlineHandlerImpl></offlineHandlerImpl>
				</messageConfig>
				
				<messageConfig messageName="ScheduleCLAPaymentMessage">
					<hostMessageConfigList>
						<hostMessageConfig hostName="FI" routeName="XML/HTTP">
							<messageTransformer>ScheduleCLAPayment_103_Transformer</messageTransformer>
						</hostMessageConfig>
					</hostMessageConfigList>
					<offlineHandlerImpl></offlineHandlerImpl>
				</messageConfig>  

				<messageConfig messageName="PMTADDFIMESSAGE"> 
					<hostMessageConfigList>
						<hostMessageConfig hostName="FI" routeName="XML/HTTP">
							<messageTransformer>PmtAddFI_103_Transformer</messageTransformer>
						</hostMessageConfig>
					</hostMessageConfigList>			
				</messageConfig>
			
 				<messageConfig messageName="FetchNetworkDetailsMessage"> 
					<offlineHandlerImpl>com.infosys.ebanking.transaction.hif.offlinehandler.FetchNetworkDetailsOfflineHandler</offlineHandlerImpl>
				</messageConfig>
				
				<messageConfig messageName="DBAppRegInsertSessionMessage">
					<offlineHandlerImpl>com.infosys.ebanking.directbanking.hif.offlinehandler.DBAppRegInsertSessionOfflineHandler</offlineHandlerImpl>
				</messageConfig>
				
               			<messageConfig messageName="DBUpdateApplicationDetailsMessage">
					<offlineHandlerImpl>com.infosys.ebanking.directbanking.hif.offlinehandler.DBUpdateApplicationDetailsOfflineHandler</offlineHandlerImpl>
				</messageConfig>
				
				<messageConfig messageName="DBAppRegUpdateExtensionMessage">
					<offlineHandlerImpl>com.infosys.ebanking.directbanking.hif.offlinehandler.DBAppRegUpdateExtensionOfflineHandler</offlineHandlerImpl>
				</messageConfig>
				
				<messageConfig messageName="DBAppRegUpdateMessage">
					<hostMessageConfigList>
						<hostMessageConfig hostName="FI" routeName="XML/HTTP">
							<messageTransformer>DBAppRegUpdateTransformer</messageTransformer>
						</hostMessageConfig>
					</hostMessageConfigList>
				</messageConfig>
				
				<messageConfig messageName="DBAppRegSubmitMessage">
					<hostMessageConfigList>
						<hostMessageConfig hostName="FI" routeName="XML/HTTP">
							<messageTransformer>DBAppRegSubmitTransformer</messageTransformer>
						</hostMessageConfig>
					</hostMessageConfigList>
				</messageConfig>
				
				 <messageConfig messageName="DBAppRegUpdateSessionMessage">
					<offlineHandlerImpl>com.infosys.ebanking.directbanking.hif.offlinehandler.DBUpdateApplicationDetailsOfflineHandler</offlineHandlerImpl>
				</messageConfig>

				<messageConfig messageName="DBAppRegSubmitSessionMessage">
					<offlineHandlerImpl>com.infosys.ebanking.directbanking.hif.offlinehandler.DBUpdateApplicationDetailsOfflineHandler</offlineHandlerImpl>
				</messageConfig>
							
				<messageConfig messageName="DBAppRegInsertMessage">
					<hostMessageConfigList>
						<hostMessageConfig hostName="FI" routeName="XML/HTTP">
							<messageTransformer>DBAppRegInsertTransformer</messageTransformer>
						</hostMessageConfig>
					</hostMessageConfigList>
				</messageConfig>
				
				<messageConfig messageName="DBAppEnquiryMessage">
					<hostMessageConfigList>
						<hostMessageConfig hostName="FI" routeName="XML/HTTP">
							<messageTransformer>DBAppEnquiryTransformer</messageTransformer>
						</hostMessageConfig>
					</hostMessageConfigList>
				</messageConfig>
				
				<messageConfig messageName="DBAppRegExistUserInsertMessage">
					<hostMessageConfigList>
						<hostMessageConfig hostName="FI" routeName="XML/HTTP">
							<messageTransformer>DBAppCIFDetailsTransformer</messageTransformer>
						</hostMessageConfig>
					</hostMessageConfigList>
				</messageConfig>
		
				<messageConfig messageName="DBGetDetailsExtensionMessage">
					<hostMessageConfigList>
						<hostMessageConfig hostName="FI" routeName="XML/HTTP">
							<messageTransformer>DBAppEnquiryTransformer</messageTransformer>
						</hostMessageConfig>
					</hostMessageConfigList>
				</messageConfig>

				
				<messageConfig messageName="DBAppRegLocalInsertMessage">
					<offlineHandlerImpl>com.infosys.ebanking.directbanking.hif.offlinehandler.DBAppRegInsertExtensionOfflinehandler</offlineHandlerImpl>
				</messageConfig>
				
				<messageConfig messageName="UpdateDBUserLoginMessage">                       
					<offlineHandlerImpl>com.infosys.ebanking.directbanking.hif.offlinehandler.UpdateDBUserLoginOfflineHandler</offlineHandlerImpl>
           			</messageConfig>
           			
           			<messageConfig messageName="DBJAHAppRegUpdateMessage">
					<hostMessageConfigList>
						<hostMessageConfig hostName="FI" routeName="XML/HTTP">
							<messageTransformer>DBJAHAppRegUpdateTransformer</messageTransformer>
						</hostMessageConfig>
					</hostMessageConfigList>
				</messageConfig>
				
				<messageConfig messageName="DBJAHAppRegSubmitMessage">
					<hostMessageConfigList>
						<hostMessageConfig hostName="FI" routeName="XML/HTTP">
							<messageTransformer>DBJAHAppRegSubmitTransformer</messageTransformer>
						</hostMessageConfig>
					</hostMessageConfigList>
				</messageConfig>
				
				<messageConfig messageName="RetailCustomerMessage">
					<hostMessageConfigList>
						<hostMessageConfig hostName="FI" routeName="XML/HTTP">
							<messageTransformer>RetailCustomerDetails_103_Transformer</messageTransformer>
						</hostMessageConfig>
					</hostMessageConfigList>
            			<offlineHandlerImpl>com.infosys.ebanking.transaction.hif.offlinehandler.CustIdDetailsOfflineHandler</offlineHandlerImpl>                              
				</messageConfig>		
				
				<messageConfig messageName="CorporateCustomerMessage">
					<hostMessageConfigList>
						<hostMessageConfig hostName="FI" routeName="XML/HTTP">
							<messageTransformer>CorporateCustomerDetails_103_Transformer</messageTransformer>
						</hostMessageConfig>
					</hostMessageConfigList>
            	  <offlineHandlerImpl>com.infosys.ebanking.transaction.hif.offlinehandler.CustIdDetailsOfflineHandler</offlineHandlerImpl>                              
				</messageConfig>
				
			</messageConfigList>
		</implementationConfig>
	</implementationConfigList>
</HIFConfig>