<?xml version="1.0" encoding="UTF-8"?>
<service xmlns:xsi="http://www.w3.org/2001/XMLSchema-instance"
	xmlns="http://www.infosys.org/service"
	xsi:schemaLocation="http://www.infosys.org/service ServiceDef.xsd">
	<name>CustomTranCatListService</name>
	<desc>
		Will be used to list the Mandates Pending for approval in the
		system
	</desc>
	<package>com.futurebank.ebanking.service</package>
	<service-object>com.futurebank.ebanking.types.valueobjects.CustomTranCatInqVO</service-object>
	<service-properties>
		<param>
			<name>ModuleId</name> 
			<value>Transaction</value>
		</param>
		<param>
			<name>CUSTOM_SERVICE_INDICATOR</name> 
			<value>Y</value>
		</param>
	</service-properties>
	<methods>
		<method>
			<name>fetch</name>
			<desc>Will be used to fetch the list</desc>
			<inputs_expected>
				<scope>NONE</scope>
				
			</inputs_expected>
			<outputs_updated>
				<scope>SPECIFIC</scope>
				<fields>
					<field>resultList</field>
				</fields>
			</outputs_updated>
		</method>
	</methods>
</service>