<?xml version="1.0" ?>
<?xml-stylesheet type="text/xsl" href="FEBADoublePrimitives.xsl"?>
<DoublePrimitives xmlns:xsi="http://www.w3.org/2001/XMLSchema-instance"
               xsi:schemaLocation="http://www.infosys.org FEBADoublePrimitives.xsd"
               xmlns="http://www.infosys.org/FEBADouble">
   	
   <Primitive>
    <PackageName>com.custom.futurebank.accounts.types.primitives</PackageName>
    <ClassName>CustomExchangeRate</ClassName>
    <Attributes>
      <MinValue>1</MinValue>
      <DefaultValue>38.00000</DefaultValue>
    </Attributes>
  </Primitive>
  <Primitive>
        <PackageName>com.custom.futurebank.accounts.types.primitives</PackageName>
        <ClassName>CustomAccountMinimumBalance</ClassName>
        <Attributes>
          <MinValue>0</MinValue>
        </Attributes>
  </Primitive>
  <Primitive>
          <PackageName>com.custom.futurebank.accounts.types.primitives</PackageName>
          <ClassName>CustomTransactionLimit</ClassName>
          <Attributes>
            <MinValue>0</MinValue>
          </Attributes>
  </Primitive>
   <Primitive>
              <PackageName>com.custom.futurebank.accounts.types.primitives</PackageName>
              <ClassName>CustomAmountValue</ClassName>
              <Attributes>
                <MinValue>1</MinValue>
                <MaxValue>999999999</MaxValue>
              </Attributes>
    </Primitive>	
</DoublePrimitives>
