<?xml version="1.0" ?>
<?xml-stylesheet type="text/xsl" href="FEBAIntPrimitives.xsl"?>
<IntPrimitives xmlns:xsi="http://www.w3.org/2001/XMLSchema-instance"
	xsi:schemaLocation="http://www.infosys.org FEBAIntPrimitives.xsd"
	xmlns="http://www.infosys.org/FEBAInt">

<Primitive>
    		<PackageName>com.custom.futurebank.accounts.types.primitives</PackageName>
    		<ClassName>CustomDashboardID</ClassName>
    		<Attributes>
    			<MinValue>1</MinValue>
    			<MaxValue>9</MaxValue>
    			<DefaultValue>1</DefaultValue>
    		</Attributes>
	</Primitive>
	<Primitive>
    		<PackageName>com.custom.futurebank.accounts.types.primitives</PackageName>
    		<ClassName>CustomDispatchAttmpts</ClassName>
    		<Attributes>
    			<MinValue>1</MinValue>
    			<MaxValue>99</MaxValue>
    			<DefaultValue>1</DefaultValue>
    		</Attributes>
	</Primitive>
	<Primitive>
    		<PackageName>com.custom.futurebank.accounts.types.primitives</PackageName>
    		<ClassName>CustomDdtFrom</ClassName>
    		<Attributes>
    			<MinValue>1</MinValue>
    			<MaxValue>99</MaxValue>
    			<DefaultValue>1</DefaultValue>
    		</Attributes>
	</Primitive>
	<Primitive>
    		<PackageName>com.custom.futurebank.accounts.types.primitives</PackageName>
    		<ClassName>CustomDdtTo</ClassName>
    		<Attributes>
    			<MinValue>1</MinValue>
    			<MaxValue>99</MaxValue>
    			<DefaultValue>1</DefaultValue>
    		</Attributes>
	</Primitive>

</IntPrimitives>





