<?xml version="1.0" ?>
<?xml-stylesheet type="text/xsl" href="FEBATextPrimitives.xsl"?>
<TextPrimitives xmlns:xsi="http://www.w3.org/2001/XMLSchema-instance"
                  xsi:schemaLocation="http://www.infosys.org FEBATextPrimitives.xsd"
                  xmlns="http://www.infosys.org/FEBAtext">
<Primitive>
    <PackageName>com.custom.futurebank.accounts.types.primitives</PackageName>
    <ClassName>CustomMessageBody</ClassName>
    <Attributes>
    	<Length>32767</Length>
    </Attributes>
  </Primitive>
  
  <Primitive>
      <PackageName>com.custom.futurebank.accounts.types.primitives</PackageName>
      <ClassName>CustomUserEntityDetails</ClassName>
      <Attributes/>
  </Primitive>
  </TextPrimitives>