<?xml version="1.0" ?>
<?xml-stylesheet type="text/xsl" href="FEBAFloatPrimitives.xsl"?>
<FloatPrimitives xmlns:xsi="http://www.w3.org/2001/XMLSchema-instance"
                 xsi:schemaLocation="http://www.infosys.org FEBAFloatPrimitives.xsd"
                 xmlns="http://www.infosys.org/FEBAFloat">
  <Primitive>
    <PackageName>com.custom.futurebank.accounts.types.primitives</PackageName>
    <ClassName>CustomLocalVatPercentage</ClassName>
    <Attributes>
      <MinValue>08.00</MinValue>
      <MaxValue>20.00</MaxValue>
      <DefaultValue>12.00</DefaultValue>
    </Attributes>
  </Primitive>
  <Primitive>
    <PackageName>com.custom.futurebank.accounts.types.primitives</PackageName>
     <ClassName>CustomDays</ClassName>
      <Attributes>
       <MinValue>00</MinValue>
       <MaxValue>99999</MaxValue>
       <DefaultValue>0</DefaultValue>
      </Attributes>
  </Primitive>
  <Primitive>
    <PackageName>com.custom.futurebank.accounts.types.primitives</PackageName>
     <ClassName>CustomCost</ClassName>
      <Attributes>
       <MinValue>00</MinValue>
       <MaxValue>99999</MaxValue>
       <DefaultValue>0</DefaultValue>
      </Attributes>
  </Primitive>
</FloatPrimitives>



