<?xml version="1.0" ?>
<?xml-stylesheet type="text/xsl" href="FEBACharPrimitives.xsl"?>
<CharPrimitives xmlns:xsi="http://www.w3.org/2001/XMLSchema-instance"
               xsi:schemaLocation="http://www.infosys.org FEBACharPrimitives.xsd"
               xmlns="http://www.infosys.org/FEBAchar">
   <Primitive>
        <PackageName>com.custom.futurebank.accounts.types.primitives</PackageName>
        <ClassName>CustomFreePeriodAlert</ClassName>
        <Attributes>
          <ValidSet>YN</ValidSet>
        </Attributes>
    </Primitive>
    <Primitive>
        <PackageName>com.custom.futurebank.accounts.types.primitives</PackageName>
        <ClassName>CustomInternalBillPerformedFlag</ClassName>
        <Attributes>
          <ValidSet>YN</ValidSet>
        </Attributes>
    </Primitive>
    <Primitive>
        <PackageName>com.custom.futurebank.accounts.types.primitives</PackageName>
        <ClassName>CustomExternalBillPerformedFlag</ClassName>
        <Attributes>
          <ValidSet>YN</ValidSet>
        </Attributes>
    </Primitive>
    <Primitive>
        <PackageName>com.custom.futurebank.accounts.types.primitives</PackageName>
        <ClassName>CustomMandatoryAlertFlag</ClassName>
        <Attributes>
          <ValidSet>YN</ValidSet>
        </Attributes>
    </Primitive>
    <Primitive>
        <PackageName>com.custom.futurebank.accounts.types.primitives</PackageName>
        <ClassName>CustomRetryIntervalUnit</ClassName>
        <Attributes>
          <ValidSet>YN</ValidSet>
        </Attributes>
    </Primitive>         
 </CharPrimitives>







