<?xml version="1.0" ?>
<?xml-stylesheet type="text/xsl" href="FEBABinaryPrimitives.xsl"?>
<BinaryPrimitives xmlns:xsi="http://www.w3.org/2001/XMLSchema-instance"
                  xsi:schemaLocation="http://www.infosys.org FEBABinaryPrimitives.xsd"
                  xmlns="http://www.infosys.org/FEBAbinary">
	
	<Primitive>
	    <PackageName>com.custom.futurebank.accounts.types.primitives</PackageName>
	    <ClassName>CustomRequestMessage</ClassName>
	    <Attributes></Attributes>
	</Primitive>
  	
  	<Primitive>
	    <PackageName>com.custom.futurebank.accounts.types.primitives</PackageName>
	    <ClassName>CustomOutputData</ClassName>
	    <Attributes></Attributes>
	</Primitive>
	
	<Primitive>
	    <PackageName>com.custom.futurebank.accounts.types.primitives</PackageName>
	    <ClassName>CustomFormRequestDetails</ClassName>
	    <Attributes></Attributes>
	</Primitive>
</BinaryPrimitives>