<?xml version="1.0" ?>
<?xml-stylesheet type="text/xsl" href="FEBALongPrimitives.xsl"?>
<LongPrimitives xmlns:xsi="http://www.w3.org/2001/XMLSchema-instance"
                xsi:schemaLocation="http://www.infosys.org FEBALongPrimitives.xsd"
                xmlns="http://www.infosys.org/FEBALong">
  	
 
    <Primitive> 
               <PackageName>com.infosys.ebanking.types.primitives</PackageName> 
               <ClassName>CustomAlertRequestNumber</ClassName> 
               <Attributes> 
                        <MinValue>0</MinValue> 
                        <MaxValue>9999999999</MaxValue> 
                        <DefaultValue>1</DefaultValue> 
                </Attributes> 
  </Primitive> 
  
  </LongPrimitives>

